filename,BVAP_reps,Dem_reps,Rep_reps
LA-county-step-max-90,1.5885520205151331,1.5369105684372435,4.463089431562756
