filename,BVAP_reps,Dem_reps,Rep_reps
MS-county-step-exp-40,1.6644762995276325,1.2173356063387264,2.782664393661274
