{
    "0": {
        "POP": 770858.0,
        "BPOP": 39090.0,
        "VAP": 597136.0,
        "BVAP": 30367.0,
        "BVAP_TOT": 63223.0,
        "HVAP": 32655.0,
        "ratio_BVAP": 0.05085441172530211,
        "ratio_HVAP": 0.05468603467216848,
        "R16": 264248.0,
        "D16": 48381.0,
        "L16": 5423.0,
        "R20": 296229.0,
        "D20": 54737.0,
        "L20": 3194.9999999999995,
        "Competiveness": 0,
        "Compactness": 0,
        "BVAP_reps": 0.006571555362570505,
        "Dem_PVI": -36.154185335897765,
        "Dem_reps": 2.4961150557036587e-14,
        "Rep_reps": 0.999999999999975
    },
    "1": {
        "POP": 708708.0,
        "BPOP": 130069.0,
        "VAP": 554254.0,
        "BVAP": 99793.0,
        "BVAP_TOT": 205230.0,
        "HVAP": 29868.0,
        "ratio_BVAP": 0.18004921931100182,
        "ratio_HVAP": 0.053888650329993106,
        "R16": 183972.0,
        "D16": 93496.0,
        "L16": 9831.0,
        "R20": 208805.0,
        "D20": 126107.0,
        "L20": 5689.0,
        "Competiveness": 0,
        "Compactness": 0,
        "BVAP_reps": 0.055023265761839385,
        "Dem_PVI": -16.01504516496189,
        "Dem_reps": 0.00042425137318720705,
        "Rep_reps": 0.9995757486268128
    },
    "2": {
        "POP": 775342.0,
        "BPOP": 139997.0,
        "VAP": 602930.0,
        "BVAP": 106597.0,
        "BVAP_TOT": 217361.0,
        "HVAP": 24725.0,
        "ratio_BVAP": 0.17679830162705454,
        "ratio_HVAP": 0.041008077222894866,
        "R16": 239427.0,
        "D16": 81474.0,
        "L16": 7180.0,
        "R20": 260336.0,
        "D20": 99588.0,
        "L20": 3852.0,
        "Competiveness": 0,
        "Compactness": 0,
        "BVAP_reps": 0.0525973672719882,
        "Dem_PVI": -25.160843345071296,
        "Dem_reps": 7.949058239583716e-08,
        "Rep_reps": 0.9999999205094176
    },
    "3": {
        "POP": 780810.0,
        "BPOP": 160322.0,
        "VAP": 608850.0,
        "BVAP": 120656.0,
        "BVAP_TOT": 246281.0,
        "HVAP": 25078.0,
        "ratio_BVAP": 0.19817032109715035,
        "ratio_HVAP": 0.04118912704278558,
        "R16": 211015.0,
        "D16": 82912.0,
        "L16": 6705.0,
        "R20": 237120.0,
        "D20": 101281.0,
        "L20": 3693.0,
        "Competiveness": 0,
        "Compactness": 0,
        "BVAP_reps": 0.0702018455669127,
        "Dem_PVI": -22.621175129540653,
        "Dem_reps": 1.222010893830983e-06,
        "Rep_reps": 0.9999987779891062
    },
    "4": {
        "POP": 660456.0,
        "BPOP": 244881.0,
        "VAP": 513654.0,
        "BVAP": 183242.0,
        "BVAP_TOT": 371375.0,
        "HVAP": 14019.0,
        "ratio_BVAP": 0.35674208708585936,
        "ratio_HVAP": 0.027292691189010503,
        "R16": 159871.0,
        "D16": 123209.0,
        "L16": 4503.0,
        "R20": 169287.0,
        "D20": 131588.0,
        "L20": 2714.0,
        "Competiveness": 0,
        "Compactness": 0,
        "BVAP_reps": 0.3475739897615162,
        "Dem_PVI": -8.060224336265705,
        "Dem_reps": 0.046555230342667904,
        "Rep_reps": 0.953444769657332
    },
    "5": {
        "POP": 674721.0,
        "BPOP": 281326.0,
        "VAP": 527087.0,
        "BVAP": 213751.0,
        "BVAP_TOT": 432156.0,
        "HVAP": 22613.0,
        "ratio_BVAP": 0.4055326729742908,
        "ratio_HVAP": 0.04290183593979741,
        "R16": 134768.0,
        "D16": 156873.0,
        "L16": 6644.999999999999,
        "R20": 138843.0,
        "D20": 181688.0,
        "L20": 3577.9999999999995,
        "Competiveness": 0,
        "Compactness": 0,
        "BVAP_reps": 0.47654217387938086,
        "Dem_PVI": 3.546601492861029,
        "Dem_reps": 0.7700086422885178,
        "Rep_reps": 0.22999135771148216
    },
    "6": {
        "POP": 653384.0,
        "BPOP": 300477.0,
        "VAP": 513255.0,
        "BVAP": 227317.0,
        "BVAP_TOT": 459657.0,
        "HVAP": 17898.0,
        "ratio_BVAP": 0.44289290898286426,
        "ratio_HVAP": 0.034871555074962736,
        "R16": 125328.0,
        "D16": 143262.0,
        "L16": 4191.0,
        "R20": 130550.0,
        "D20": 154635.0,
        "L20": 2455.0,
        "Competiveness": 0,
        "Compactness": 0,
        "BVAP_reps": 0.5777680972970178,
        "Dem_PVI": 2.0906216430323497,
        "Dem_reps": 0.6684169851112495,
        "Rep_reps": 0.3315830148887505
    },
    "Totals": {
        "BVAP_reps": 1.5862782949012257,
        "Dem_reps": 1.4854064106171236,
        "Rep_reps": 5.514593589382876
    }
}