{
    "0": {
        "POP": 779251.0,
        "BPOP": 145469.0,
        "VAP": 584877.0,
        "BVAP": 102752.0,
        "BVAP_TOT": 210262.0,
        "HVAP": 37507.0,
        "ratio_BVAP": 0.17568138258129487,
        "ratio_HVAP": 0.06412801324039072,
        "R16": 239534.0,
        "D16": 82020.0,
        "L16": 7259.0,
        "R20": 264934.0,
        "D20": 101816.0,
        "L20": 4501.0,
        "Competiveness": 0,
        "Compactness": 0,
        "BVAP_reps": 0.05178376878924007,
        "Dem_PVI": -25.055464844104733,
        "Dem_reps": 8.951543705825951e-08,
        "Rep_reps": 0.9999999104845629
    },
    "1": {
        "POP": 833974.0,
        "BPOP": 195558.0,
        "VAP": 635474.0,
        "BVAP": 143727.0,
        "BVAP_TOT": 293997.0,
        "HVAP": 30623.0,
        "ratio_BVAP": 0.22617290400551399,
        "ratio_HVAP": 0.048189225680358286,
        "R16": 244448.3238262733,
        "D16": 94339.14769072866,
        "L16": 5252.864007443032,
        "R20": 258642.0,
        "D20": 97259.0,
        "L20": 3450.0,
        "Competiveness": 0,
        "Compactness": 0,
        "BVAP_reps": 0.0997208580161999,
        "Dem_PVI": -24.103171015204566,
        "Dem_reps": 2.563555802339998e-07,
        "Rep_reps": 0.9999997436444198
    },
    "2": {
        "POP": 812657.0,
        "BPOP": 207780.0,
        "VAP": 615010.0,
        "BVAP": 149350.0,
        "BVAP_TOT": 304617.0,
        "HVAP": 31165.0,
        "ratio_BVAP": 0.24284157981171037,
        "ratio_HVAP": 0.050673972780930394,
        "R16": 243946.1458333333,
        "D16": 110234.58333333334,
        "L16": 6589.004166666667,
        "R20": 261147.0,
        "D20": 119691.0,
        "L20": 3837.0,
        "Competiveness": 0,
        "Compactness": 0,
        "BVAP_reps": 0.12112862945997321,
        "Dem_PVI": -20.41392656054437,
        "Dem_reps": 1.0550926798538687e-05,
        "Rep_reps": 0.9999894490732014
    },
    "3": {
        "POP": 698749.0,
        "BPOP": 273920.0,
        "VAP": 534477.0,
        "BVAP": 199216.0,
        "BVAP_TOT": 404061.0,
        "HVAP": 16956.0,
        "ratio_BVAP": 0.3727307255503979,
        "ratio_HVAP": 0.031724470837847095,
        "R16": 174479.53034039336,
        "D16": 124503.26897593802,
        "L16": 4795.1318258903,
        "R20": 178878.0,
        "D20": 128995.0,
        "L20": 3045.0,
        "Competiveness": 0,
        "Compactness": 0,
        "BVAP_reps": 0.3886880497773513,
        "Dem_PVI": -9.919472595952996,
        "Dem_reps": 0.019387967945780363,
        "Rep_reps": 0.9806120320542197
    },
    "4": {
        "POP": 708348.0,
        "BPOP": 315131.0,
        "VAP": 549860.0,
        "BVAP": 232833.0,
        "BVAP_TOT": 471427.0,
        "HVAP": 28771.0,
        "ratio_BVAP": 0.42344051213036044,
        "ratio_HVAP": 0.05232422798530535,
        "R16": 151540.0,
        "D16": 161391.0,
        "L16": 6138.0,
        "R20": 159562.0,
        "D20": 175942.0,
        "L20": 3274.0,
        "Competiveness": 0,
        "Compactness": 0,
        "BVAP_reps": 0.5252779715198075,
        "Dem_PVI": 0.31754634397327663,
        "Dem_reps": 0.5263729828659243,
        "Rep_reps": 0.47362701713407573
    },
    "5": {
        "POP": 824778.0,
        "BPOP": 326165.0,
        "VAP": 650850.0,
        "BVAP": 245876.0,
        "BVAP_TOT": 503688.0,
        "HVAP": 78640.0,
        "ratio_BVAP": 0.3777767534762234,
        "ratio_HVAP": 0.12082661135438273,
        "R16": 124690.0,
        "D16": 207666.0,
        "L16": 7944.0,
        "R20": 132613.0,
        "D20": 232331.0,
        "L20": 3538.0,
        "Competiveness": 0,
        "Compactness": 0,
        "BVAP_reps": 0.40195274295256117,
        "Dem_PVI": 11.382548129437225,
        "Dem_reps": 0.991138720827723,
        "Rep_reps": 0.00886127917227697
    },
    "Totals": {
        "BVAP_reps": 1.5885520205151331,
        "Dem_reps": 1.5369105684372435,
        "Rep_reps": 4.463089431562756
    }
}