{
    "0": {
        "POP": 803084.0,
        "BPOP": 117926.0,
        "VAP": 629679.0,
        "BVAP": 89262.0,
        "BVAP_TOT": 184227.0,
        "HVAP": 48202.0,
        "ratio_BVAP": 0.1417579433330316,
        "ratio_HVAP": 0.07655011521743618,
        "R16": 205079.5568532211,
        "D16": 101727.9075122352,
        "L16": 8803.548138913919,
        "R20": 242630.0,
        "D20": 137248.0,
        "L20": 5653.0,
        "Competiveness": 0,
        "Compactness": 0,
        "BVAP_reps": 0.03148804404064194,
        "Dem_PVI": -17.046792571281323,
        "Dem_reps": 0.00019158278007082218,
        "Rep_reps": 0.9998084172199292
    },
    "1": {
        "POP": 672586.0,
        "BPOP": 123159.0,
        "VAP": 537662.0,
        "BVAP": 92355.0,
        "BVAP_TOT": 190013.0,
        "HVAP": 30922.0,
        "ratio_BVAP": 0.17177148468740583,
        "ratio_HVAP": 0.05751196848577731,
        "R16": 156978.5074428015,
        "D16": 89325.25607644778,
        "L16": 5325.394202242069,
        "R20": 203300.7789040609,
        "D20": 126679.41926113723,
        "L20": 3015.4174760981978,
        "Competiveness": 0,
        "Compactness": 0,
        "BVAP_reps": 0.04901421544200262,
        "Dem_PVI": -14.361847949573189,
        "Dem_reps": 0.001385546848009417,
        "Rep_reps": 0.9986144531519906
    },
    "2": {
        "POP": 765446.0,
        "BPOP": 144620.0,
        "VAP": 595591.0,
        "BVAP": 108679.0,
        "BVAP_TOT": 222985.0,
        "HVAP": 30955.0,
        "ratio_BVAP": 0.18247253568304422,
        "ratio_HVAP": 0.051973585900391375,
        "R16": 208944.93285425453,
        "D16": 99714.82163186013,
        "L16": 7494.19075599399,
        "R20": 243037.12026002165,
        "D20": 128183.24052004333,
        "L20": 4429.13434452871,
        "Competiveness": 0,
        "Compactness": 0,
        "BVAP_reps": 0.05688845146909919,
        "Dem_PVI": -18.272014894704988,
        "Dem_reps": 7.042530841373256e-05,
        "Rep_reps": 0.9999295746915863
    },
    "3": {
        "POP": 762319.0,
        "BPOP": 146770.0,
        "VAP": 583282.0,
        "BVAP": 109767.0,
        "BVAP_TOT": 225246.0,
        "HVAP": 35751.0,
        "ratio_BVAP": 0.18818856059333222,
        "ratio_HVAP": 0.061292822339794474,
        "R16": 181913.58492688416,
        "D16": 101492.61417322836,
        "L16": 6952.969066366704,
        "R20": 224638.433352081,
        "D20": 137852.64201349832,
        "L20": 4186.962879640045,
        "Competiveness": 0,
        "Compactness": 0,
        "BVAP_reps": 0.06148518907470151,
        "Dem_PVI": -14.769517930274233,
        "Dem_reps": 0.0010455364736966035,
        "Rep_reps": 0.9989544635263033
    },
    "4": {
        "POP": 795496.0,
        "BPOP": 172771.0,
        "VAP": 631354.0,
        "BVAP": 131180.0,
        "BVAP_TOT": 268745.0,
        "HVAP": 43160.0,
        "ratio_BVAP": 0.2077756694342635,
        "ratio_HVAP": 0.06836101458136006,
        "R16": 162365.4925571985,
        "D16": 153052.74392355222,
        "L16": 11597.605797757931,
        "R20": 198830.2210959391,
        "D20": 207311.5807388628,
        "L20": 5514.582523901801,
        "Competiveness": 0,
        "Compactness": 0,
        "BVAP_reps": 0.07945850412978173,
        "Dem_PVI": -1.9060581286296951,
        "Dem_reps": 0.3456485399463235,
        "Rep_reps": 0.6543514600536765
    },
    "5": {
        "POP": 659423.0,
        "BPOP": 285939.0,
        "VAP": 517860.0,
        "BVAP": 217520.0,
        "BVAP_TOT": 442929.0,
        "HVAP": 26643.0,
        "ratio_BVAP": 0.4200363032479821,
        "ratio_HVAP": 0.051448267871625535,
        "R16": 104774.51029252438,
        "D16": 157734.27085590467,
        "L16": 5642.2611050920905,
        "R20": 117492.87973997832,
        "D20": 188271.75947995667,
        "L20": 2980.865655471289,
        "Competiveness": 0,
        "Compactness": 0,
        "BVAP_reps": 0.5160203279901475,
        "Dem_PVI": 9.140657333239162,
        "Dem_reps": 0.9715646728949836,
        "Rep_reps": 0.028435327105016395
    },
    "6": {
        "POP": 660081.0,
        "BPOP": 289348.0,
        "VAP": 519040.0,
        "BVAP": 222581.0,
        "BVAP_TOT": 450661.0,
        "HVAP": 15491.0,
        "ratio_BVAP": 0.42883207459926015,
        "ratio_HVAP": 0.029845483970406907,
        "R16": 135332.41507311584,
        "D16": 152325.38582677167,
        "L16": 3388.0309336332953,
        "R20": 155173.566647919,
        "D20": 165994.35798650168,
        "L20": 2136.0371203599548,
        "Competiveness": 0,
        "Compactness": 0,
        "BVAP_reps": 0.5399102998242208,
        "Dem_PVI": 0.62913916037391,
        "Dem_reps": 0.5521402939580855,
        "Rep_reps": 0.4478597060419145
    },
    "Totals": {
        "BVAP_reps": 1.3342650319705953,
        "Dem_reps": 1.8720465982095833,
        "Rep_reps": 5.127953401790416
    }
}