{
    "0": {
        "POP": 810973.0,
        "BPOP": 168864.0,
        "VAP": 620030.0,
        "BVAP": 122130.0,
        "BVAP_TOT": 249520.0,
        "HVAP": 26773.0,
        "ratio_BVAP": 0.19697433995129268,
        "ratio_HVAP": 0.04318016870151444,
        "R16": 215703.0,
        "D16": 75302.0,
        "L16": 4742.0,
        "R20": 238304.0,
        "D20": 94632.0,
        "L20": 2695.9999999999995,
        "Competiveness": 0,
        "Compactness": 0,
        "BVAP_reps": 0.06910987962081377,
        "Dem_PVI": -24.539993939911298,
        "Dem_reps": 1.589625561885745e-07,
        "Rep_reps": 0.9999998410374438
    },
    "1": {
        "POP": 669495.0,
        "BPOP": 336410.0,
        "VAP": 510621.0,
        "BVAP": 247770.0,
        "BVAP_TOT": 500321.0,
        "HVAP": 11933.0,
        "ratio_BVAP": 0.48523268725728086,
        "ratio_HVAP": 0.023369583311301338,
        "R16": 142597.0,
        "D16": 147291.0,
        "L16": 2523.9999999999995,
        "R20": 149349.0,
        "D20": 155961.0,
        "L20": 1372.9999999999993,
        "Competiveness": 0,
        "Compactness": 0,
        "BVAP_reps": 0.6862321643138474,
        "Dem_PVI": -0.7437715660808948,
        "Dem_reps": 0.4384294178417272,
        "Rep_reps": 0.5615705821582728
    },
    "2": {
        "POP": 666968.0,
        "BPOP": 356828.0,
        "VAP": 518264.0,
        "BVAP": 267902.0,
        "BVAP_TOT": 540981.0,
        "HVAP": 10828.0,
        "ratio_BVAP": 0.516921877653088,
        "ratio_HVAP": 0.020892826821851413,
        "R16": 127262.0,
        "D16": 156469.0,
        "L16": 2759.0,
        "R20": 133330.0,
        "D20": 167018.0,
        "L20": 1372.9999999999998,
        "Competiveness": 0,
        "Compactness": 0,
        "BVAP_reps": 0.7585072079319972,
        "Dem_PVI": 3.6875568854742724,
        "Dem_reps": 0.7788279955717589,
        "Rep_reps": 0.22117200442824114
    },
    "3": {
        "POP": 813843.0,
        "BPOP": 222379.0,
        "VAP": 628684.0,
        "BVAP": 165161.0,
        "BVAP_TOT": 334707.0,
        "HVAP": 19103.0,
        "ratio_BVAP": 0.2627090875543198,
        "ratio_HVAP": 0.030385694561973903,
        "R16": 215152.0,
        "D16": 106069.0,
        "L16": 4410.0,
        "R20": 235781.0,
        "D20": 121787.0,
        "L20": 2584.0,
        "Competiveness": 0,
        "Compactness": 0,
        "BVAP_reps": 0.150627047660974,
        "Dem_PVI": -18.1498082051433,
        "Dem_reps": 7.80339626841918e-05,
        "Rep_reps": 0.9999219660373158
    },
    "Totals": {
        "BVAP_reps": 1.6644762995276325,
        "Dem_reps": 1.2173356063387264,
        "Rep_reps": 2.782664393661274
    }
}