{"vap": {"lb": {"0": 492301.0, "1": 492290.0, "2": 492320.0, "3": 492720.0, "4": 494514.0, "5": 494805.0, "6": 498301.0}, "ub": {"0": 628252.0, "1": 629083.0, "2": 629445.0, "3": 629465.0, "4": 629431.0, "5": 629395.0, "6": 627770.0}}, "bvap": {"lb": {"0": 17991.000000000007, "1": 34852.0, "2": 46285.0, "3": 70675.00000000003, "4": 90318.0, "5": 119319.0, "6": 213751.00000000003}, "ub": {"0": 127995.0, "1": 149996.0, "2": 174918.0, "3": 206778.87875849128, "4": 238406.0, "5": 265208.0, "6": 295634.0}}}