{
    "D20": {
        "lb": {
            "0": 40459.000000000015,
            "1": 52345.0,
            "2": 60855.0,
            "3": 74174.0,
            "4": 91718.06062686296,
            "5": 105283.00000000003,
            "6": 181688.0
        },
        "ub": {
            "0": 111322.0,
            "1": 125549.0,
            "2": 141049.0,
            "3": 160020.0,
            "4": 177192.0,
            "5": 194760.0,
            "6": 217930.99999999997
        },
        "min_soln": {
            "0": 41432.0,
            "1": 73455.0,
            "2": 76133.0,
            "3": 110142.0,
            "4": 114194.0,
            "5": 131298.0,
            "6": 181688.0
        },
        "max_soln": {
            "0": 41432.0,
            "1": 73455.0,
            "2": 76133.0,
            "3": 110142.0,
            "4": 114194.0,
            "5": 131298.0,
            "6": 181688.0
        }
    },
    "D16": {
        "lb": {
            "0": 35044.00000000003,
            "1": 43005.0,
            "2": 46763.0,
            "3": 55242.0,
            "4": 70978.0,
            "5": 77082.0,
            "6": 156873.0
        },
        "ub": {
            "0": 112473.0,
            "1": 124959.0,
            "2": 134589.0,
            "3": 149692.0,
            "4": 156988.0,
            "5": 184512.0,
            "6": 193824.0
        },
        "min_soln": {
            "0": 36447.0,
            "1": 59446.0,
            "2": 58798.0,
            "3": 81876.0,
            "4": 100430.0,
            "5": 109754.0,
            "6": 156873.0
        },
        "max_soln": {
            "0": 36447.0,
            "1": 59446.0,
            "2": 58798.0,
            "3": 81876.0,
            "4": 100430.0,
            "5": 109754.0,
            "6": 156873.0
        }
    },
    "R20": {
        "lb": {
            "0": 148632.0320470693,
            "1": 138980.0,
            "2": 125771.0,
            "3": 119156.0,
            "4": 116559.0,
            "5": 113176.0,
            "6": 136923.0
        },
        "ub": {
            "0": 308224.0,
            "1": 308278.0,
            "2": 308100.0,
            "3": 307212.0,
            "4": 298710.0,
            "5": 292025.0,
            "6": 207232.99074159312
        },
        "min_soln": {
            "0": 233670.0,
            "1": 168330.0,
            "2": 177356.0,
            "3": 189406.0,
            "4": 165693.0,
            "5": 115367.0,
            "6": 138843.0
        },
        "max_soln": {
            "0": 233670.0,
            "1": 168330.0,
            "2": 177356.0,
            "3": 189406.0,
            "4": 165693.0,
            "5": 115367.0,
            "6": 138843.0
        }
    },
    "R16": {
        "lb": {
            "0": 136352.0,
            "1": 128229.0,
            "2": 118487.0,
            "3": 112068.0,
            "4": 109659.0,
            "5": 109276.00000000003,
            "6": 130673.00000000003
        },
        "ub": {
            "0": 279010.0,
            "1": 279819.0,
            "2": 277842.0,
            "3": 279413.0,
            "4": 273034.0,
            "5": 268112.0,
            "6": 195853.0
        },
        "min_soln": {
            "0": 181987.0,
            "1": 150382.0,
            "2": 132445.0,
            "3": 166906.0,
            "4": 155406.0,
            "5": 110458.0,
            "6": 134768.0
        },
        "max_soln": {
            "0": 181987.0,
            "1": 150382.0,
            "2": 132445.0,
            "3": 166906.0,
            "4": 155406.0,
            "5": 110458.0,
            "6": 134768.0
        }
    }
}