{
    "Bounds": {
        "D200": {},
        "D160": {},
        "R200": {},
        "R160": {},
        "D201": {},
        "D161": {},
        "R201": {},
        "R161": {},
        "D202": {},
        "D162": {},
        "R202": {},
        "R162": {},
        "D203": {},
        "D163": {},
        "R203": {},
        "R163": {},
        "D204": {},
        "D164": {},
        "R204": {},
        "R164": {},
        "D205": {},
        "D165": {},
        "R205": {},
        "R165": {},
        "D206": {},
        "D166": {},
        "R206": {},
        "R166": {},
        "T200": {
            "lb": 257962.0,
            "min_soln": 281024.0,
            "ub": 400317.0,
            "max_soln": 360431.0
        },
        "T160": {
            "lb": 229290.0,
            "min_soln": 253920.0,
            "ub": 367898.0,
            "max_soln": 328489.0
        },
        "diff_D_T20_[0]": {
            "lb": -308247.0,
            "min_soln": -304179.0,
            "ub": -149436.0,
            "max_soln": -222235.0
        },
        "diff_D_T16_[0]": {
            "lb": -279801.9747533723,
            "min_soln": -272182.0,
            "ub": -134202.0,
            "max_soln": -200018.0
        },
        "T201": {
            "lb": 261522.0,
            "min_soln": 285977.0,
            "ub": 402621.0,
            "max_soln": 366520.0
        },
        "T161": {
            "lb": 229789.0,
            "min_soln": 254471.0,
            "ub": 369208.0,
            "max_soln": 335573.0
        },
        "diff_D_T20_[1]": {
            "lb": -308816.70077192027,
            "min_soln": -232727.0,
            "ub": -138127.0,
            "max_soln": -182276.0
        },
        "diff_D_T16_[1]": {
            "lb": -279825.0,
            "min_soln": -239709.0,
            "ub": -127180.0,
            "max_soln": -167492.0
        },
        "T202": {
            "lb": 260934.0,
            "min_soln": 291692.0,
            "ub": 402292.6015591546,
            "max_soln": 395934.0
        },
        "T162": {
            "lb": 229750.0,
            "min_soln": 258829.0,
            "ub": 369659.0,
            "max_soln": 361070.0
        },
        "diff_D_T20_[2]": {
            "lb": -308259.0,
            "min_soln": -302677.0,
            "ub": -127386.0,
            "max_soln": -192912.0
        },
        "diff_D_T16_[2]": {
            "lb": -278959.0,
            "min_soln": -277756.0,
            "ub": -117652.0,
            "max_soln": -177336.0
        },
        "T203": {
            "lb": 261578.0,
            "min_soln": 305025.0,
            "ub": 401607.0,
            "max_soln": 377971.0
        },
        "T163": {
            "lb": 229672.0,
            "min_soln": 254755.0,
            "ub": 370959.9216232124,
            "max_soln": 344181.0
        },
        "diff_D_T20_[3]": {
            "lb": -308177.0,
            "min_soln": -253782.0,
            "ub": -119922.08422085436,
            "max_soln": -189406.0
        },
        "diff_D_T16_[3]": {
            "lb": -279201.0,
            "min_soln": -222764.0,
            "ub": -111321.0,
            "max_soln": -166906.0
        },
        "T204": {
            "lb": 261267.0,
            "min_soln": 296849.0,
            "ub": 402364.0,
            "max_soln": 374719.0
        },
        "T164": {
            "lb": 229685.0,
            "min_soln": 273596.0,
            "ub": 370918.0,
            "max_soln": 352886.0
        },
        "diff_D_T20_[4]": {
            "lb": -300348.0,
            "min_soln": -240849.0,
            "ub": -114458.0,
            "max_soln": -165693.0
        },
        "diff_D_T16_[4]": {
            "lb": -273751.0,
            "min_soln": -224516.0,
            "ub": -110210.0,
            "max_soln": -155406.0
        },
        "T205": {
            "lb": 263151.0312260383,
            "min_soln": 267525.0,
            "ub": 402382.0,
            "max_soln": 374776.0
        },
        "T165": {
            "lb": 234492.0,
            "min_soln": 242321.0,
            "ub": 371161.0,
            "max_soln": 359891.0
        },
        "diff_D_T20_[5]": {
            "lb": -292211.8697745018,
            "min_soln": -198139.0,
            "ub": -113176.00000000001,
            "max_soln": -115367.0
        },
        "diff_D_T16_[5]": {
            "lb": -267885.0,
            "min_soln": -183671.0,
            "ub": -109276.00000000001,
            "max_soln": -110458.0
        },
        "T206": {
            "lb": 319258.0,
            "min_soln": 320531.0,
            "ub": 388925.0,
            "max_soln": 373952.0
        },
        "T166": {
            "lb": 291641.0,
            "min_soln": 291641.0,
            "ub": 363914.0,
            "max_soln": 342321.0
        },
        "diff_D_T20_[6]": {
            "lb": -206686.0,
            "min_soln": -182565.0,
            "ub": -136923.0,
            "max_soln": -138843.0
        },
        "diff_D_T16_[6]": {
            "lb": -195943.0,
            "min_soln": -177020.0,
            "ub": -130673.0,
            "max_soln": -134768.0
        },
        "diff_D_T200": {
            "lb": -307013.0,
            "min_soln": -304179.0,
            "ub": -149438.0,
            "max_soln": -225285.0
        },
        "diff_D_T160": {
            "lb": -279446.0,
            "min_soln": -272182.0,
            "ub": -134439.0,
            "max_soln": -203385.0
        },
        "diff_D_T201": {
            "lb": -308122.0,
            "min_soln": -257571.0,
            "ub": -138395.0,
            "max_soln": -201149.0
        },
        "diff_D_T161": {
            "lb": -280429.0,
            "min_soln": -241387.0,
            "ub": -126622.0,
            "max_soln": -173513.0
        },
        "diff_D_T202": {
            "lb": -308264.0,
            "min_soln": -302677.0,
            "ub": -127103.0,
            "max_soln": -207839.0
        },
        "diff_D_T162": {
            "lb": -277842.0,
            "min_soln": -277756.0,
            "ub": -117505.0,
            "max_soln": -182756.0
        },
        "diff_D_T203": {
            "lb": -308207.0,
            "min_soln": -248208.0,
            "ub": -119108.0,
            "max_soln": -189406.0
        },
        "diff_D_T163": {
            "lb": -279917.0,
            "min_soln": -216282.0,
            "ub": -111579.0,
            "max_soln": -166906.0
        },
        "diff_D_T204": {
            "lb": -298363.0,
            "min_soln": -243314.0,
            "ub": -114959.0,
            "max_soln": -165693.0
        },
        "diff_D_T164": {
            "lb": -273909.0,
            "min_soln": -225775.0,
            "ub": -109900.0,
            "max_soln": -155406.0
        },
        "diff_D_T205": {
            "lb": -291983.0,
            "min_soln": -190879.0,
            "ub": -113176.00000000001,
            "max_soln": -115367.0
        },
        "diff_D_T165": {
            "lb": -267889.0,
            "min_soln": -174708.0,
            "ub": -109276.00000000004,
            "max_soln": -110458.0
        },
        "diff_D_T206": {
            "lb": -206686.0,
            "min_soln": -182534.0,
            "ub": -136923.0,
            "max_soln": -138843.0
        },
        "diff_D_T166": {
            "lb": -195755.0,
            "min_soln": -173157.0,
            "ub": -130673.00000000004,
            "max_soln": -134768.0
        }
    }
}