{
    "Bounds": {
        "D200": {
            "ub": 111322.0,
            "max_soln": 88688.0,
            "lb": 40459.000000000015,
            "min_soln": 41432.0
        },
        "D160": {
            "ub": 112473.0,
            "max_soln": 85235.0,
            "lb": 35044.00000000003,
            "min_soln": 36447.0
        },
        "R200": {
            "lb": 148632.0320470693,
            "min_soln": 233670.0,
            "ub": 308224.0,
            "max_soln": 304179.0
        },
        "R160": {
            "lb": 136352.0,
            "min_soln": 181987.0,
            "ub": 279010.0,
            "max_soln": 272182.0
        },
        "D201": {
            "ub": 125549.0,
            "max_soln": 115834.0,
            "lb": 52345.0,
            "min_soln": 73455.0
        },
        "D161": {
            "ub": 124959.0,
            "max_soln": 114183.0,
            "lb": 43005.0,
            "min_soln": 59446.0
        },
        "R201": {
            "lb": 138980.0,
            "min_soln": 168330.0,
            "ub": 308278.0,
            "max_soln": 278078.0
        },
        "R161": {
            "lb": 128229.0,
            "min_soln": 150382.0,
            "ub": 279819.0,
            "max_soln": 256224.0
        },
        "D202": {
            "ub": 141049.0,
            "max_soln": 134447.0,
            "lb": 60855.0,
            "min_soln": 76133.0
        },
        "D162": {
            "ub": 134589.0,
            "max_soln": 122122.0,
            "lb": 46763.0,
            "min_soln": 58798.0
        },
        "R202": {
            "lb": 125771.0,
            "min_soln": 177356.0,
            "ub": 308100.0,
            "max_soln": 304400.0
        },
        "R162": {
            "lb": 118487.0,
            "min_soln": 132445.0,
            "ub": 277842.0,
            "max_soln": 277756.0000000002
        },
        "D203": {
            "ub": 160020.0,
            "max_soln": 134450.0,
            "lb": 74174.0,
            "min_soln": 110142.0
        },
        "D163": {
            "ub": 149692.0,
            "max_soln": 100808.0,
            "lb": 55242.0,
            "min_soln": 81876.0
        },
        "R203": {
            "lb": 119156.0,
            "min_soln": 189406.0,
            "ub": 307212.0,
            "max_soln": 248208.0
        },
        "R163": {
            "lb": 112068.0,
            "min_soln": 166906.0,
            "ub": 279413.0,
            "max_soln": 216282.0
        },
        "D204": {
            "ub": 177192.0,
            "max_soln": 160104.0,
            "lb": 91718.06062686296,
            "min_soln": 114194.0
        },
        "D164": {
            "ub": 156988.0,
            "max_soln": 147523.0,
            "lb": 70978.0,
            "min_soln": 100430.0
        },
        "R204": {
            "lb": 116559.0,
            "min_soln": 165693.0,
            "ub": 298710.0,
            "max_soln": 241764.0
        },
        "R164": {
            "lb": 109659.0,
            "min_soln": 155406.0,
            "ub": 273034.0,
            "max_soln": 230685.0
        },
        "D205": {
            "ub": 194760.0,
            "max_soln": 181567.0,
            "lb": 105283.00000000003,
            "min_soln": 131298.0
        },
        "D165": {
            "ub": 184512.0,
            "max_soln": 170463.0,
            "lb": 77082.0,
            "min_soln": 109754.0
        },
        "R205": {
            "lb": 113176.0,
            "min_soln": 115367.0,
            "ub": 292025.0,
            "max_soln": 235842.0
        },
        "R165": {
            "lb": 109276.00000000003,
            "min_soln": 110458.0,
            "ub": 268112.0,
            "max_soln": 218757.0
        },
        "D206": {
            "ub": 217930.99999999997,
            "max_soln": 217331.0,
            "lb": 181688.0,
            "min_soln": 181688.0
        },
        "D166": {
            "ub": 193824.0,
            "max_soln": 193417.0,
            "lb": 156873.0,
            "min_soln": 156873.0
        },
        "R206": {
            "lb": 136923.0,
            "min_soln": 138843.0,
            "ub": 207232.99074159312,
            "max_soln": 182565.0
        },
        "R166": {
            "lb": 130673.00000000003,
            "min_soln": 134768.0,
            "ub": 195853.0,
            "max_soln": 177025.0
        }
    }
}