{"vap": {"lb": {"0": 519993.0, "1": 519927.0, "2": 519731.0, "3": 521686.0, "4": 524072.3856400743, "5": 526729.0}, "ub": {"0": 669703.0, "1": 670241.0, "2": 670408.0, "3": 670408.4530505519, "4": 673384.0, "5": 670390.0}}, "bvap": {"lb": {"0": 83571.00000000001, "1": 91750.0, "2": 103427.0, "3": 134074.0, "4": 169880.0, "5": 189474.0}, "ub": {"0": 176512.0, "1": 198329.0, "2": 221783.0, "3": 254158.0, "4": 257480.0, "5": 285016.0}}}