{"0": {"Relaxation computation (s)": 0.40206265449523926, "Relaxation_bound": 2.2907622780275476, "y": [83571.00000000001, 91750.0, 103427.0, 254158.0, 257480.0, 283368.0], "z": [669703.0, 670241.0, 658116.6143599257, 521686.0, 524072.3856400743, 526729.0], "grad_y": [0.8469342170601377, 0.9928574985404521, 1.301240593853757, 6.753560332121006, 6.626579595261227, 5.298951051346448], "grad_z": [-0.1056873561174622, -0.1359133140035994, -0.20449781689739938, -3.2902385475002403, -3.2556794842452605, -2.8507129121767365], "soln_value": 3.055902197957039e-10, "Warm_start_val": -1062809.4639224396, "ub": -958751.0705338793, "ub_computation (s)": 600.1167802810669, "lb": -2462754.8547016424, "lb_computation (s)": 60.24254631996155}, "1": {"Relaxation computation (s)": 1.0665278434753418, "Relaxation_bound": 2.0907415392721744, "y": [83571.00000000001, 91750.0, 218691.344809542, 226580.55173015269, 226580.55173015269, 226580.55173015269], "z": [669703.0, 670241.0, 519731.0, 632114.5663029846, 533135.3501888999, 545623.0835081156], "grad_y": [0.8469342170601377, 0.9928574985404521, 7.668090130898432, 5.871109875537283, 7.462471612596514, 7.311469841103388], "grad_z": [-0.1056873561174622, -0.1359133140035994, -3.22656324684684, -2.104490840399266, -3.171522831216538, -3.0362294423178238], "soln_value": -2.1827872842550278e-10, "Warm_start_val": -897580.0589340475, "ub": -605042.8030931628, "ub_computation (s)": 600.2150311470032, "lb": -1979905.714802468, "lb_computation (s)": 60.09702825546265}, "2": {"Relaxation computation (s)": 0.7652826309204102, "Relaxation_bound": 2.0262127892943216, "y": [95975.74478938588, 112831.93893806962, 157703.14502579503, 167895.36729956706, 257480.0, 281867.80394718266], "z": [659003.1613079815, 519927.0000006764, 670408.0, 670408.4530505518, 524072.38564057794, 526729.0000002121], "grad_y": [1.1285742495026128, 3.1028423428992005, 2.8228365594043217, 3.1870501293163596, 6.626579595266106, 5.385727166274856], "grad_z": [-0.16436302662213587, -0.6733632178517446, -0.6640287754797914, -0.7981566306762462, -3.255679484244529, -2.8820571660492686], "soln_value": 4.802132025361061e-10, "Warm_start_val": -539437.5368031532, "ub": -383473.7915174511, "ub_computation (s)": 600.2871043682098, "lb": -1334463.9995347855, "lb_computation (s)": 60.141417264938354}, "3": {"Relaxation computation (s)": 0.7343499660491943, "Relaxation_bound": 1.9209642804599394, "y": [83571.00000000001, 142524.16790475644, 149749.85161384806, 214502.90178073844, 214502.90178073844, 268903.1769199186], "z": [669703.0, 519927.0, 666275.6992982144, 521686.0, 666227.3007017856, 526729.0], "grad_y": [0.8469342170601377, 4.859349371287974, 2.596118508607199, 7.6455912016811105, 4.912530303136228, 6.100558879523685], "grad_z": [-0.1056873561174622, -1.3320614734401557, -0.5834947332543883, -3.1436563346340156, -1.5816704058788018, -3.1144282234145795], "soln_value": -1.7462298274040222e-10, "Warm_start_val": -504016.0668227432, "ub": -274233.5693384086, "ub_computation (s)": 600.4126081466675, "lb": -1367467.73420724, "lb_computation (s)": 60.232388973236084}, "4": {"Relaxation computation (s)": 0.937469482421875, "Relaxation_bound": 1.9076371778642667, "y": [93382.8002803085, 93382.8002803085, 138090.34016291902, 227870.23336551496, 236644.92587001703, 284382.90004093206], "z": [519993.0000000001, 670241.0, 582943.4080673999, 597257.5919326001, 673384.0, 526729.0], "grad_y": [2.1291830522497097, 1.0244598589563356, 3.2911299217757035, 6.515977820694769, 5.4055391372567065, 5.239917016892689], "grad_z": [-0.38236875444179497, -0.14273512125356774, -0.7796181312437481, -2.486025136661292, -1.8996492468243813, -2.8290502274182217], "soln_value": 2.0372681319713593e-10, "Warm_start_val": -305772.4468045748, "ub": -142360.4616717208, "ub_computation (s)": 600.3023953437805, "lb": -1173964.2064300885, "lb_computation (s)": 60.14972496032715}, "5": {"Relaxation computation (s)": 0.6562271118164062, "Relaxation_bound": 1.9655806607485087, "y": [83571.00000000001, 170596.56114956428, 172247.5752510697, 197463.9544155488, 197463.9544155488, 252410.95476826842], "z": [669703.0, 519927.0, 600984.1620147882, 528046.2257326399, 673384.0, 578503.6122525719], "grad_y": [0.8469342170601377, 6.457652794382555, 4.544219821683278, 7.275913501971797, 4.214356359729181, 6.817625453673046], "grad_z": [-0.1056873561174622, -2.1188616090711543, -1.3024150970446582, -2.7208425741353173, -1.2358230550598783, -2.974645816494489], "soln_value": 4.656612873077393e-10, "Warm_start_val": -478246.97321808146, "ub": -182423.79259494282, "ub_computation (s)": 600.1692671775818, "lb": -1146242.8940146794, "lb_computation (s)": 60.87187600135803}, "6": {"Relaxation computation (s)": 0.7968447208404541, "Relaxation_bound": 1.9888116760218697, "y": [83571.00000000001, 124305.98671533538, 137807.76341148146, 224395.7919769538, 224395.7919769538, 279277.6659192756], "z": [669703.0, 557055.1251039245, 561602.2350026197, 591254.3104567031, 525677.097277022, 665256.2321597311], "grad_y": [0.8469342170601377, 3.0611943742644145, 3.6584505011870694, 6.561518322571915, 7.560567838257869, 5.992358641309554], "grad_z": [-0.1056873561174622, -0.6831007741816948, -0.8977223552499781, -2.4902602391642756, -3.2273797292091366, -2.51562007809092], "soln_value": -5.820766091346741e-11, "Warm_start_val": -176623.9286559936, "ub": -118048.86155429344, "ub_computation (s)": 600.1398434638977, "lb": -1335491.9403129567, "lb_computation (s)": 60.10727047920227}, "7": {"Relaxation computation (s)": 0.7655990123748779, "Relaxation_bound": 1.990474399575884, "y": [99484.61472769926, 102560.03480474264, 110458.78017775145, 238117.28514490338, 238117.28514490338, 285016.0], "z": [519993.0, 670241.0, 550070.7169055247, 664055.560370462, 557821.5267036443, 608366.196020369], "grad_y": [2.4127846052955655, 1.2154724327746216, 2.51174023303972, 5.590620206278663, 7.124890605186177, 6.1216166510167955], "grad_z": [-0.46161188108061696, -0.18599115095849164, -0.5043783530701924, -2.00468663352906, -3.0414021808855303, -2.867941550368104], "soln_value": 4.656612873077393e-10, "Warm_start_val": -233228.18393425382, "ub": -124891.35523855884, "ub_computation (s)": 600.6499712467194, "lb": -1289762.7946720833, "lb_computation (s)": 60.63013768196106}, "8": {"Relaxation computation (s)": 0.6562304496765137, "Relaxation_bound": 2.0155990375938257, "y": [92708.62981165767, 109326.94416909387, 109326.94416909387, 236033.2626508929, 244729.12479334007, 281629.0944059216], "z": [528751.6665671797, 519927.0, 670408.0, 651348.3334328203, 673384.0, 526729.0], "grad_y": [1.9980383254772287, 2.913449524780722, 1.3700909768104939, 5.754055283833375, 5.579804389092695, 5.399477131014898], "grad_z": [-0.3503258848691269, -0.6126216440676769, -0.22342791214952706, -2.0851338253356873, -2.027878067582082, -2.886968165172621], "soln_value": -2.9103830456733704e-10, "Warm_start_val": -238370.22249573958, "ub": -90635.5630606826, "ub_computation (s)": 600.1898307800293, "lb": -1063812.1328499203, "lb_computation (s)": 60.06634330749512}, "9": {"Relaxation computation (s)": 0.7241227626800537, "Relaxation_bound": 1.9582497344959942, "y": [99266.75720356054, 114204.96692117228, 114204.96692117228, 216798.32230278137, 244262.98665131355, 285016.0], "z": [574813.1983479421, 519927.0, 670408.0, 568237.6412275295, 575236.0924923783, 661926.0679321504], "grad_y": [1.7844133181419988, 3.1785118552551292, 1.4899849470240654, 6.848749431430392, 6.917559311336183, 5.989188348923969], "grad_z": [-0.3081573702759357, -0.6981784775323573, -0.25382107848940944, -2.6129866782473585, -2.93740903913634, -2.5788597687195005], "soln_value": 2.0372681319713593e-10, "Warm_start_val": -159873.33425602666, "ub": -80253.0556275661, "ub_computation (s)": 600.2334449291229, "lb": -1271365.8892581204, "lb_computation (s)": 60.12720704078674}, "10": {"Relaxation computation (s)": 0.6406052112579346, "Relaxation_bound": 1.9944655995341005,