{
    "D20": {
        "lb": {
            "0": 69562.0,
            "1": 76457.0,
            "2": 84849.0,
            "3": 103090.0,
            "4": 131663.0,
            "5": 192222.0
        },
        "ub": {
            "0": 132766.0,
            "1": 149216.0,
            "2": 168144.0,
            "3": 182184.0,
            "4": 207282.0,
            "5": 237982.0
        },
        "min_soln": {
            "0": 73725.0,
            "1": 85788.0,
            "2": 94179.0,
            "3": 107089.0,
            "4": 140310.0,
            "5": 195165.0
        },
        "max_soln": {
            "0": 73725.0,
            "1": 85788.0,
            "2": 94179.0,
            "3": 107089.0,
            "4": 140310.0,
            "5": 195165.0
        }
    },
    "D16": {
        "lb": {
            "0": 65153.48839242978,
            "1": 70752.75180221842,
            "2": 70661.79721528983,
            "3": 83273.96135547372,
            "4": 111351.1533597213,
            "5": 170020.0
        },
        "ub": {
            "0": 134167.78918393445,
            "1": 148281.7110253286,
            "2": 164297.3620195543,
            "3": 176690.8659192575,
            "4": 192773.1347107438,
            "5": 212380.0
        },
        "min_soln": {
            "0": 69981.71051901544,
            "1": 73129.77030162413,
            "2": 86311.63994910939,
            "3": 91334.0,
            "4": 123545.69530162413,
            "5": 170020.0
        },
        "max_soln": {
            "0": 69981.71051901544,
            "1": 73129.77030162413,
            "2": 86311.63994910939,
            "3": 91334.0,
            "4": 123545.69530162413,
            "5": 170020.0
        }
    },
    "R20": {
        "lb": {
            "0": 169525.0570740548,
            "1": 156668.0,
            "2": 149127.0,
            "3": 150499.0,
            "4": 141280.0,
            "5": 132613.0
        },
        "ub": {
            "0": 310305.0,
            "1": 310491.0,
            "2": 310439.0,
            "3": 310349.0,
            "4": 301963.0,
            "5": 217171.0
        },
        "min_soln": {
            "0": 194372.0,
            "1": 192391.0,
            "2": 208241.0,
            "3": 187370.0,
            "4": 153765.0,
            "5": 132613.0
        },
        "max_soln": {
            "0": 194372.0,
            "1": 192391.0,
            "2": 208241.0,
            "3": 187370.0,
            "4": 153765.0,
            "5": 132613.0
        }
    },
    "R16": {
        "lb": {
            "0": 164869.24463993922,
            "1": 151030.16876613357,
            "2": 142788.5653635124,
            "3": 142459.97827796728,
            "4": 129676.0,
            "5": 124690.0
        },
        "ub": {
            "0": 283466.07799377164,
            "1": 283283.5960805298,
            "2": 282714.9450298699,
            "3": 283965.6541451709,
            "4": 278761.93793358724,
            "5": 203422.46115702478
        },
        "min_soln": {
            "0": 184554.93262397425,
            "1": 163028.30719257542,
            "2": 195139.25,
            "3": 172234.46467391145,
            "4": 146034.0,
            "5": 124690.0
        },
        "max_soln": {
            "0": 184554.93262397425,
            "1": 163028.30719257542,
            "2": 195139.25,
            "3": 172234.46467391145,
            "4": 146034.0,
            "5": 124690.0
        }
    }
}