{
    "Bounds": {
        "D200": {},
        "D160": {},
        "R200": {},
        "R160": {},
        "D201": {},
        "D161": {},
        "R201": {},
        "R161": {},
        "D202": {},
        "D162": {},
        "R202": {},
        "R162": {},
        "D203": {},
        "D163": {},
        "R203": {},
        "R163": {},
        "D204": {},
        "D164": {},
        "R204": {},
        "R164": {},
        "D205": {},
        "D165": {},
        "R205": {},
        "R165": {},
        "T200": {
            "lb": 282917.1314439803,
            "min_soln": 284328.0,
            "ub": 427129.85150718037,
            "max_soln": 381032.0
        },
        "T160": {
            "lb": 269546.8823663264,
            "min_soln": 274773.0243365856,
            "ub": 401210.4815229075,
            "max_soln": 366418.5365358825
        },
        "diff_D_T20_[0]": {
            "lb": -310443.0,
            "min_soln": -280666.0,
            "ub": -170250.0,
            "max_soln": -194704.0
        },
        "diff_D_T16_[0]": {
            "lb": -283665.3048367781,
            "min_soln": -264196.3173760257,
            "ub": -163142.3107014079,
            "max_soln": -184784.93262397428
        },
        "T201": {
            "lb": 281743.0,
            "min_soln": 308692.0,
            "ub": 433108.0,
            "max_soln": 411087.0
        },
        "T161": {
            "lb": 269822.7225405826,
            "min_soln": 282197.0,
            "ub": 404360.6039776433,
            "max_soln": 380391.4631090487
        },
        "diff_D_T20_[1]": {
            "lb": -309768.0,
            "min_soln": -300899.0,
            "ub": -157798.0,
            "max_soln": -257522.0
        },
        "diff_D_T16_[1]": {
            "lb": -283180.15929161245,
            "min_soln": -276055.15396444954,
            "ub": -149645.08457157816,
            "max_soln": -164550.55719257542
        },
        "T202": {
            "lb": 282383.225556795,
            "min_soln": 319941.0,
            "ub": 438415.0,
            "max_soln": 405175.0
        },
        "T162": {
            "lb": 271827.57785267336,
            "min_soln": 298064.175,
            "ub": 406618.67253966606,
            "max_soln": 392032.32503443694
        },
        "diff_D_T20_[2]": {
            "lb": -308926.0,
            "min_soln": -295238.0,
            "ub": -149427.0,
            "max_soln": -196991.0
        },
        "diff_D_T16_[2]": {
            "lb": -282401.6816543841,
            "min_soln": -273176.6928074246,
            "ub": -143184.0306717596,
            "max_soln": -183666.5571925754
        },
        "T203": {
            "lb": 285764.1166959737,
            "min_soln": 301897.0,
            "ub": 442064.0,
            "max_soln": 410888.0
        },
        "T163": {
            "lb": 276752.73482488596,
            "min_soln": 291871.92858875316,
            "ub": 407939.28916374536,
            "max_soln": 404765.48186017293
        },
        "diff_D_T20_[3]": {
            "lb": -310483.0,
            "min_soln": -260150.0,
            "ub": -150682.0,
            "max_soln": -176317.0
        },
        "diff_D_T16_[3]": {
            "lb": -284535.0189635367,
            "min_soln": -247395.52920808675,
            "ub": -142096.5156158209,
            "max_soln": -153821.25
        },
        "T204": {
            "lb": 303645.0,
            "min_soln": 320952.0,
            "ub": 441755.905944383,
            "max_soln": 406482.0
        },
        "T164": {
            "lb": 283519.1722220892,
            "min_soln": 286160.6381090487,
            "ub": 409365.9245640778,
            "max_soln": 393199.9574036511
        },
        "diff_D_T20_[4]": {
            "lb": -303203.0,
            "min_soln": -231688.0,
            "ub": -144921.0,
            "max_soln": -155561.0
        },
        "diff_D_T16_[4]": {
            "lb": -279625.27584618644,
            "min_soln": -215959.69280742458,
            "ub": -132344.0,
            "max_soln": -132344.0
        },
        "T205": {
            "lb": 340086.0,
            "min_soln": 340086.0,
            "ub": 421829.90774753015,
            "max_soln": 407852.0
        },
        "T165": {
            "lb": 302364.0,
            "min_soln": 302364.0,
            "ub": 387032.1555170919,
            "max_soln": 381875.0000000004
        },
        "diff_D_T20_[5]": {
            "lb": -218369.0,
            "min_soln": -208054.0,
            "ub": -132613.0,
            "max_soln": -132613.0
        },
        "diff_D_T16_[5]": {
            "lb": -205237.766392747,
            "min_soln": -196733.00000000006,
            "ub": -124690.0,
            "max_soln": -124690.0
        }
    }
}