{
    "Bounds": {
        "D200": {
            "ub": 132766.0,
            "max_soln": 117398.0,
            "lb": 69562.0,
            "min_soln": 73725.0
        },
        "D160": {
            "ub": 134167.78918393445,
            "max_soln": 126690.14211040444,
            "lb": 65153.48839242978,
            "min_soln": 69981.71051901544
        },
        "R200": {
            "lb": 169525.0570740548,
            "min_soln": 194372.0,
            "ub": 310305.0,
            "max_soln": 281150.0
        },
        "R160": {
            "lb": 164869.24463993922,
            "min_soln": 184554.93262397425,
            "ub": 283466.07799377164,
            "max_soln": 264929.03816793894
        },
        "D201": {
            "ub": 149216.0,
            "max_soln": 144734.0,
            "lb": 76457.0,
            "min_soln": 85788.0
        },
        "D161": {
            "ub": 148281.7110253286,
            "max_soln": 130748.0,
            "lb": 70752.75180221842,
            "min_soln": 73129.77030162413
        },
        "R201": {
            "lb": 156668.0,
            "min_soln": 192391.0,
            "ub": 310491.0,
            "max_soln": 290847.0
        },
        "R161": {
            "lb": 151030.16876613357,
            "min_soln": 163028.30719257542,
            "ub": 283283.5960805298,
            "max_soln": 268942.25
        },
        "D202": {
            "ub": 168144.0,
            "max_soln": 146515.0,
            "lb": 84849.0,
            "min_soln": 94179.0
        },
        "D162": {
            "ub": 164297.3620195543,
            "max_soln": 136760.925,
            "lb": 70661.79721528983,
            "min_soln": 86311.63994910939
        },
        "R202": {
            "lb": 149127.0,
            "min_soln": 208241.0,
            "ub": 310439.0,
            "max_soln": 285447.0
        },
        "R162": {
            "lb": 142788.5653635124,
            "min_soln": 195139.25,
            "ub": 282714.9450298699,
            "max_soln": 277310.5497977827
        },
        "D203": {
            "ub": 182184.0,
            "max_soln": 164341.0,
            "lb": 103090.0,
            "min_soln": 107089.0
        },
        "D163": {
            "ub": 176690.8659192575,
            "max_soln": 165728.1421104045,
            "lb": 83273.96135547372,
            "min_soln": 91334.0
        },
        "R203": {
            "lb": 150499.0,
            "min_soln": 187370.0,
            "ub": 310349.0,
            "max_soln": 286042.0
        },
        "R163": {
            "lb": 142459.97827796728,
            "min_soln": 172234.46467391145,
            "ub": 283965.6541451709,
            "max_soln": 264740.6928074246
        },
        "D204": {
            "ub": 207282.0,
            "max_soln": 207282.0,
            "lb": 131663.0,
            "min_soln": 140310.0
        },
        "D164": {
            "ub": 192773.1347107438,
            "max_soln": 192773.1347107438,
            "lb": 111351.1533597213,
            "min_soln": 123545.69530162413
        },
        "R204": {
            "lb": 141280.0,
            "min_soln": 153765.0,
            "ub": 301963.0,
            "max_soln": 233277.0
        },
        "R164": {
            "lb": 129676.0,
            "min_soln": 146034.0,
            "ub": 278761.93793358724,
            "max_soln": 217358.94280742458
        },
        "D205": {
            "ub": 237982.0,
            "max_soln": 237982.0,
            "lb": 192222.0,
            "min_soln": 195165.0
        },
        "D165": {
            "ub": 212380.0,
            "max_soln": 212380.0,
            "lb": 170020.0,
            "min_soln": 170020.0
        },
        "R205": {
            "lb": 132613.0,
            "min_soln": 132613.0,
            "ub": 217171.0,
            "max_soln": 210170.0
        },
        "R165": {
            "lb": 124690.0,
            "min_soln": 124690.0,
            "ub": 203422.46115702478,
            "max_soln": 203422.46115702478
        }
    }
}