{"0": {"Relaxation computation (s)": 0.17063212394714355, "Relaxation_bound": 1.7993733743880982, "y": [100675.00000000012, 126715.0, 276174.0, 299398.9999999999], "z": [624250.0, 630993.0, 511187.76242962654, 511168.23757037346], "grad_y": [1.440599513621368, 2.1898388780731115, 5.387962528308719, 3.931318982905733], "grad_z": [-0.2323305663337307, -0.43975992354120297, -2.9108974679298627, -2.302633234329136], "soln_value": 2.3283064365386963e-10, "Warm_start_val": -163643.07309032715, "ub": -145729.5898128677, "ub_computation (s)": 600.3439531326294, "lb": -816156.9193366523, "lb_computation (s)": 60.34728670120239}, "1": {"Relaxation computation (s)": 1.1233258247375488, "Relaxation_bound": 1.7113799835929977, "y": [100675.00000000017, 173604.0, 257765.45362214238, 270918.54637785745], "z": [624250.0, 616600.0692392774, 528361.9307607226, 508387.0], "grad_y": [1.4405995136213705, 4.295400430595416, 6.65292771414314, 5.649981509210278], "grad_z": [-0.2323305663337312, -1.2093717363234862, -3.2456822308949578, -3.0108653005230694], "soln_value": -8.731149137020111e-11, "Warm_start_val": -66331.73735707288, "ub": -44648.44588994367, "ub_computation (s)": 600.4788386821747, "lb": -785881.6094002153, "lb_computation (s)": 60.53407597541809}, "2": {"Relaxation computation (s)": 0.8598144054412842, "Relaxation_bound": 1.7007247114842627, "y": [122580.34591740626, 126715.0, 268687.31047057273, 284980.343612021], "z": [594916.2719943735, 630993.0, 543302.7280056265, 508387.0], "grad_y": [2.4449682281751226, 2.1898388780731115, 6.316507416468045, 4.762584670930456], "grad_z": [-0.5037768594932782, -0.43975992354120297, -3.123793240516637, -2.669704410229029], "soln_value": 0.0, "Warm_start_val": -52080.70045725192, "ub": -24700.818246526764, "ub_computation (s)": 600.093878030777, "lb": -739497.6070841732, "lb_computation (s)": 60.89300894737244}, "3": {"Relaxation computation (s)": 0.6406025886535645, "Relaxation_bound": 1.6961547389425198, "y": [100675.0, 129709.65338558989, 264837.9195184208, 307740.4270959893], "z": [597812.0881473024, 593146.5181049106, 509156.0, 577484.393747787], "grad_y": [1.6342525310414049, 2.7615739428383703, 6.03083433280294, 4.973947660960306], "grad_z": [-0.2752175421418599, -0.6039027255334676, -3.1369435254809814, -2.6506080408564934], "soln_value": -4.0745362639427185e-10, "Warm_start_val": -33982.93185685889, "ub": -19250.957202755133, "ub_computation (s)": 600.1150166988373, "lb": -740945.8614576531, "lb_computation (s)": 61.35735011100769}, "4": {"Relaxation computation (s)": 0.9843440055847168, "Relaxation_bound": 1.6875552560526008, "y": [100675.0, 147051.05655674852, 276174.0, 279062.9434432515], "z": [591634.600208133, 616208.3445309479, 561369.055260919, 508387.0], "grad_y": [1.6847799345082275, 3.1586691489102003, 6.1716179051012805, 5.13991047871849], "grad_z": [-0.2866891487532107, -0.7537801780565186, -3.036220802251441, -2.821391080468213], "soln_value": 1.1641532182693481e-10, "Warm_start_val": -20606.317439050676, "ub": -7766.017903789308, "ub_computation (s)": 600.1149005889893, "lb": -716648.175100162, "lb_computation (s)": 61.30593538284302}, "5": {"Relaxation computation (s)": 0.9530935287475586, "Relaxation_bound": 1.6884384653120303, "y": [106955.87667527364, 126715.0, 262436.52405313315, 306855.59927159315], "z": [564118.9567123243, 630993.0, 509156.0, 573331.0432876757], "grad_y": [2.184514273057135, 2.1898388780731115, 6.169768442662384, 4.945541077334052], "grad_z": [-0.414179733555069, -0.43975992354120297, -3.1801109764100364, -2.646929708018903], "soln_value": 5.820766091346741e-11, "Warm_start_val": -35199.3322969038, "ub": -12944.158767882407, "ub_computation (s)": 600.8098723888397, "lb": -739573.2951235259, "lb_computation (s)": 60.30937600135803}, "6": {"Relaxation computation (s)": 0.4531097412109375, "Relaxation_bound": 1.68609384696785, "y": [100675.0, 153461.44699326632, 255782.65719042666, 293043.895816307], "z": [602936.5063003241, 608143.6837328543, 509156.0, 557362.8099668217], "grad_y": [1.593947291130678, 3.5645262606842105, 6.536193301553417, 5.354525234908538], "grad_z": [-0.26614849467192525, -0.8994870331505241, -3.2835612083165095, -2.815241539308533], "soln_value": -2.6193447411060333e-10, "Warm_start_val": -19374.356926203327, "ub": -2980.5022007794005, "ub_computation (s)": 600.1397902965546, "lb": -747762.4942185765, "lb_computation (s)": 60.27913951873779}, "7": {"Relaxation computation (s)": 0.5156064033508301, "Relaxation_bound": 1.6996872566823513, "y": [105414.76731499226, 139408.94990383435, 276174.0, 281965.28278117336], "z": [576986.484106282, 630993.0, 561232.515893718, 508387.0], "grad_y": [1.984852707633398, 2.649494345083565, 6.170439085080087, 4.955153160141909], "grad_z": [-0.3626303078031304, -0.5853681806680061, -3.0363793893324966, -2.748262961136768], "soln_value": -3.2014213502407074e-10, "Warm_start_val": -19447.350227768184, "ub": -6132.716111747481, "ub_computation (s)": 600.1968536376953, "lb": -710848.6250964231, "lb_computation (s)": 60.333224058151245}, "8": {"Relaxation computation (s)": 0.3124880790710449, "Relaxation_bound": 1.6868610171541738, "y": [115268.64129953992, 138866.01518879554, 259952.80717470605, 288875.5363369585], "z": [624250.0, 593540.1593351574, 527041.5390720458, 532767.3015927968], "grad_y": [1.8734486405095898, 3.154656683030076, 6.54326436194666, 5.110141640111683], "grad_z": [-0.34593492885223964, -0.7380707033400921, -3.2273356327265317, -2.77080613361923], "soln_value": -2.3283064365386963e-10, "Warm_start_val": -10534.40563400375, "ub": 4140.153244632025, "ub_computation (s)": 600.0648362636566, "lb": -729373.6655058244, "lb_computation (s)": 61.11323308944702}, "9": {"Relaxation computation (s)": 0.35468292236328125, "Relaxation_bound": 1.6844844996556962, "y": [100675.0, 137310.89837103174, 271614.06564258627, 293363.035986382], "z": [599509.6527103523, 593289.1384236668, 537778.3441135266, 547021.8647524542], "grad_y": [1.620742634320676, 3.0894055375015204, 6.118954627534355, 5.151897989077991], "grad_z": [-0.2721695371751876, -0.7150123309418264, -3.090481723667681, -2.7629177781623127], "soln_value": 5.820766091346741e-11, "Warm_start_val": -242274.9986701601, "ub": -3581.830344149558, "ub_computation (s)": 1200.2669208049774, "lb": -717460.2314097474, "lb_computation (s)": 61.413283348083496}, "10": {"Relaxation computation (s)": 0.35800838470458984, "Relaxation_bound": 1.6834970102012012, "y": [118108.71721882664, 126715.0, 276174.0, 281965.28278117336], "z": [577010.9208197778, 630993.0, 561208.0791802222, 508387.0], "grad_y": [2.487809259885554, 2.1898388780731115, 6.17022759946585, 4.955153160141909], "grad_z": [-0.5092311943641288, -0.43975992354120297, -3.0364075291718193, -2.748262961136768], "soln_value": 3.4924596548080444e-10, "Warm_start_val": -289131.5779077415, "ub": -9660.842950105713, "ub_computation (s)": 1200.2388305664062, "lb": -707916.70085913, "lb_computation (s)": 60.21354055404663}, "11": {"Relaxation computation (s)": 1.0468409061431885, "Relaxation_bound": 1.6833316155980058, "y": [100675.00000000016, 156361.57428542507, 255471.41727115138, 290455.00844342343], "z": [607696.6887373246, 603155.7570649718, 509156.0, 557590.5541977036], "grad_y": [1.5577556375219406, 3.7815854962204174, 6.5525794517072695, 5.486263529913465], "grad_z": [-0.258067966658462, -0.9803349376308128, -3.287787552949352, -2.8578545814799674], "soln_value": 2.3283064365386963e-10, "Warm_start_val": -227909.05745266547, "ub": -4650.626300546059, "ub_computation (s)": 1200.2426104545593, "lb": -745314.3809589145, "lb_computation (s)": 60.99952960014343}, "12": {"Relaxation computation (s)": 0.6874728202819824, "Relaxation_bound": 1.6832339836893195, "y": [100675.0, 154322.021960613, 270787.1859417718, 277178.7920976152], "z": [599433.6435852443, 612157.1630000968, 557621.1934146588, 508387.0], "grad_y": [1.6213441645625817, 3.5345193387400555, 6.351911398424507, 5.259246638345298],