{"0": {"Relaxation computation (s)": 0.15448594093322754, "Relaxation_bound": 3.521647631666412, "soln": {"D20": [134624.83924286548, 154203.70941237846, 182711.08661875286, 186754.10236666808], "D16": [130231.08172806275, 145521.8992282755, 175442.78340382615, 181962.30020421674], "T20": [266088.83924286545, 269956.7094123785, 285400.08661875286, 283346.10236666806], "T16": [250693.08172806277, 254757.8992282755, 274046.7834038262, 276775.30020421674]}, "grad": {"D20": [4465.925905162988, 9.53872416149472, 0.0, 0.0], "D16": [4740.1908024669665, 10.107802719483491, 0.0, 0.0], "T20": [-2259.4880670826037, -5.44867601907626, 0.0, 0.0], "T16": [-2462.453975783503, -5.773743044748385, 0.0, 0.0]}, "soln_value": -2.3283064365386963e-10, "Warm_start_val": -689673488.4087372, "ub": -16986341.691246394, "ub_computation (s)": 600.1390106678009, "lb": -886766850.6540854, "lb_computation (s)": 60.356919288635254}, "1": {"Relaxation computation (s)": 0.30776262283325195, "Relaxation_bound": 3.3792980479870685, "soln": {"D20": [134848.99999999994, 154203.70941237846, 182711.08661875286, 186754.10236666808], "D16": [135538.0, 145521.8992282755, 175442.78340382615, 181962.30020421674], "T20": [269746.6999782268, 269956.7094123785, 285400.08661875286, 283346.10236666806], "T16": [264857.1391544918, 254757.8992282755, 274046.7834038262, 276775.30020421674]}, "grad": {"D20": [95.48569678832858, 9.53872416149472, 0.0, 0.0], "D16": [97.24847019792476, 10.107802719483491, 0.0, 0.0], "T20": [-47.734228916419156, -5.44867601907626, 0.0, 0.0], "T16": [-49.76593493293718, -5.773743044748385, 0.0, 0.0]}, "soln_value": -2.3283064365386963e-10, "Warm_start_val": -14403070.520755589, "ub": -503620.6461202458, "ub_computation (s)": 600.3479869365692, "lb": -19318872.843271896, "lb_computation (s)": 60.95279240608215}, "2": {"Relaxation computation (s)": 0.36313390731811523, "Relaxation_bound": 3.37973538529322, "soln": {"D20": [134848.99999999994, 156925.0, 182711.08661875286, 186805.22748799145], "D16": [126352.58199213268, 153440.9476733079, 178376.10130163992, 181962.30020421674], "T20": [275428.11891722295, 274720.73652423354, 285400.08661875286, 283397.22748799145], "T16": [251578.06871468236, 268621.3806454518, 277151.6200172708, 276775.30020421674]}, "grad": {"D20": [0.07028469039041992, 9.373309853522164, 0.0, 0.0], "D16": [0.07694780455949575, 9.586141581292122, 0.0, 0.0], "T20": [-0.03441122951322987, -5.354188647620398, 0.0, 0.0], "T16": [-0.03864626926500796, -5.4757616286150625, 0.0, 0.0]}, "soln_value": 0.0, "Warm_start_val": -387059.9650979352, "ub": -34747.93786548243, "ub_computation (s)": 601.1549906730652, "lb": -2205181.9465756696, "lb_computation (s)": 60.15145421028137}, "3": {"Relaxation computation (s)": 0.38765501976013184, "Relaxation_bound": 3.352407230305959, "soln": {"D20": [125941.0, 156925.0, 182711.08661875286, 186754.10236666808], "D16": [121546.2213827072, 155594.0, 175442.78340382615, 181962.30020421674], "T20": [257405.0, 281209.4954775682, 285400.08661875286, 283346.10236666806], "T16": [242008.2213827072, 272390.62149913394, 274046.7834038262, 276775.30020421674]}, "grad": {"D20": [0.000657105274563443, 5.811508684714584, 0.0, 0.0], "D16": [0.0006989108974588298, 5.999661134431863, 0.0, 0.0], "T20": [-0.0003215030608721454, -3.2430306053501776, 0.0, 0.0], "T16": [-0.0003510210445907918, -3.4271050501412335, 0.0, 0.0]}, "soln_value": 2.3283064365386963e-10, "Warm_start_val": -214292.98208537872, "ub": -1425.0444451606784, "ub_computation (s)": 600.5136950016022, "lb": -1338224.9441894277, "lb_computation (s)": 60.16636037826538}, "4": {"Relaxation computation (s)": 0.359360933303833, "Relaxation_bound": 3.352844567612111, "soln": {"D20": [134848.99999999994, 154203.70941237846, 182711.08661875286, 186805.22748799145], "D16": [118064.07498778535, 138032.39608957386, 178298.25974993475, 181962.30020421674], "T20": [266665.822325669, 269956.7094123785, 285400.08661875286, 283397.22748799145], "T16": [243037.65890463343, 248095.99965115788, 276902.2597499348, 276775.30020421674]}, "grad": {"D20": [0.00062349225194107, 9.617662489955627, 0.0, 0.0], "D16": [0.0006841082769925367, 10.465112382617841, 0.0, 0.0], "T20": [-0.00031529089835637375, -5.493766889719857, 0.0, 0.0], "T16": [-0.00033232961212115945, -5.822441875526097, 0.0, 0.0]}, "soln_value": -2.3283064365386963e-10, "Warm_start_val": -349266.0019765203, "ub": -7193.239261379931, "ub_computation (s)": 600.2369272708893, "lb": -2266599.0200690734, "lb_computation (s)": 60.992347240448}, "5": {"Relaxation computation (s)": 0.3124399185180664, "Relaxation_bound": 3.318396305854418, "soln": {"D20": [125759.87396103688, 150841.16625536562, 182711.08661875286, 186754.10236666808], "D16": [121546.22138270723, 140377.3099921425, 175442.78340382615, 181962.30020421674], "T20": [257405.0, 268365.30639864766, 285400.08661875286, 283346.10236666806], "T16": [242008.22138270724, 249649.84679624738, 274046.7834038262, 276775.30020421674]}, "grad": {"D20": [0.0004901469024691195, 22.66633125323288, 0.0, 0.0], "D16": [0.0005213304850108656, 24.365554434614296, 0.0, 0.0], "T20": [-0.00023947014501237001, -12.740155897384357, 0.0, 0.0], "T16": [-0.0002618330492354613, -13.70067329057815, 0.0, 0.0]}, "soln_value": -4.656612873077393e-10, "Warm_start_val": -808083.5096352221, "ub": 3895.589236927845, "ub_computation (s)": 600.4775886535645, "lb": -5281459.893107274, "lb_computation (s)": 60.16968107223511}, "6": {"Relaxation computation (s)": 0.19805145263671875, "Relaxation_bound": 3.3183963058544177, "soln": {"D20": [124840.38364636205, 143766.77935223322, 182711.08661875286, 186754.10236666808], "D16": [121546.22138270723, 144066.53502414576, 175442.78340382615, 181962.30020421674], "T20": [257405.0, 259519.77935223322, 285400.08661875286, 283346.10236666806], "T16": [242008.22138270724, 253302.53502414576, 274046.7834038262, 276775.30020421674]}, "grad": {"D20": [0.00010648107373695237, 35.52765266631951, 0.0, 0.0], "D16": [0.00011325549449791843, 36.39966958872766, 0.0, 0.0], "T20": [-5.1642889984257106e-05, -19.681336869700083, 0.0, 0.0], "T16": [-5.688144530132731e-05, -20.702415288389794, 0.0, 0.0]}, "soln_value": -9.313225746154785e-10, "Warm_start_val": -1242690.3635152103, "ub": 27186.835356842686, "ub_computation (s)": 1201.015572309494, "lb": -8055133.14920212, "lb_computation (s)": 60.98696994781494}, "7": {"Relaxation computation (s)": 0.2647881507873535, "Relaxation_bound": 3.3183963058544177, "soln": {"D20": [124840.38364636205, 143766.77935223322, 182711.08661875286, 186754.10236666808], "D16": [121546.22138270723, 144064.85770669734, 175442.78340382615, 181962.30020421674], "T20": [257405.0, 259519.77935223322, 285400.08661875286, 283346.10236666806], "T16": [242008.22138270724, 253300.85770669734, 274046.7834038262, 276775.30020421674]}, "grad": {"D20": [0.00010648107373695237, 35.552880108951854, 0.0, 0.0], "D16": [0.00011325549449791843, 36.425757436223755, 0.0, 0.0], "T20": [-5.1642889984257106e-05, -19.69531217511841, 0.0, 0.0], "T16": [-5.688144530132731e-05, -20.717148806438875, 0.0, 0.0]}, "soln_value": 9.313225746154785e-10, "Warm_start_val": -1243545.4581105495, "ub": 26572.39253232384, "ub_computation (s)": 2400.2867653369904, "lb": -8045747.476998679, "lb_computation (s)": 60.290778398513794}}