{
    "Bounds": {
        "D200": {
            "ub": 134848.99999999994,
            "max_soln": 104636.0,
            "lb": 69745.0,
            "min_soln": 78986.0
        },
        "D160": {
            "ub": 135538.0,
            "max_soln": 94381.0,
            "lb": 60645.0,
            "min_soln": 62166.0
        },
        "R200": {
            "lb": 131464.0,
            "min_soln": 189541.0,
            "ub": 281962.0,
            "max_soln": 240712.0
        },
        "R160": {
            "lb": 120313.0,
            "min_soln": 173143.0,
            "ub": 258729.0,
            "max_soln": 219035.0
        },
        "D201": {
            "ub": 156925.0,
            "max_soln": 124284.0,
            "lb": 79095.0,
            "min_soln": 92612.0
        },
        "D161": {
            "ub": 155594.0,
            "max_soln": 125947.0,
            "lb": 64215.0,
            "min_soln": 78658.0
        },
        "R201": {
            "lb": 115702.0,
            "min_soln": 224027.0,
            "ub": 282563.0,
            "max_soln": 237295.0
        },
        "R161": {
            "lb": 109236.0,
            "min_soln": 169215.0,
            "ub": 259142.0,
            "max_soln": 217774.0
        },
        "D202": {
            "ub": 190752.86820187687,
            "max_soln": 179599.0,
            "lb": 103412.00000000003,
            "min_soln": 104898.0
        },
        "D162": {
            "ub": 184910.0,
            "max_soln": 172349.0,
            "lb": 82421.0,
            "min_soln": 89794.0
        },
        "R202": {
            "lb": 102689.0,
            "min_soln": 132783.0,
            "ub": 278200.0,
            "max_soln": 258990.0
        },
        "R162": {
            "lb": 98604.0,
            "min_soln": 125696.0,
            "ub": 255661.0,
            "max_soln": 245838.0
        },
        "D203": {
            "ub": 229163.0,
            "max_soln": 228558.0,
            "lb": 134850.0,
            "min_soln": 160372.0
        },
        "D163": {
            "ub": 220242.0,
            "max_soln": 220242.0,
            "lb": 109611.0,
            "min_soln": 146815.0
        },
        "R203": {
            "lb": 96592.0,
            "min_soln": 96592.0,
            "ub": 265280.0,
            "max_soln": 203468.0
        },
        "R163": {
            "lb": 94813.0,
            "min_soln": 94821.0,
            "ub": 245890.0,
            "max_soln": 191383.0
        },
        "T200": {
            "lb": 257405.0,
            "min_soln": 270918.0,
            "ub": 399758.0,
            "max_soln": 337577.0
        },
        "T160": {
            "lb": 226789.0,
            "min_soln": 230090.0,
            "ub": 371332.0,
            "max_soln": 301582.0
        },
        "T201": {
            "lb": 257746.0,
            "min_soln": 286407.0,
            "ub": 402075.0,
            "max_soln": 376373.0
        },
        "T161": {
            "lb": 225632.0,
            "min_soln": 258104.0,
            "ub": 376481.0,
            "max_soln": 342684.0
        },
        "T202": {
            "lb": 257162.0,
            "min_soln": 290743.0,
            "ub": 405017.0,
            "max_soln": 401367.0
        },
        "T162": {
            "lb": 228559.0,
            "min_soln": 268642.0,
            "ub": 379390.0,
            "max_soln": 377181.0
        },
        "T203": {
            "lb": 266688.0354708397,
            "min_soln": 298715.0,
            "ub": 404063.0,
            "max_soln": 402676.0
        },
        "T163": {
            "lb": 243913.0,
            "min_soln": 277446.0,
            "ub": 379999.0,
            "max_soln": 379993.0
        },
        "diff_D_T200": {
            "lb": -281929.0,
            "min_soln": -239254.0,
            "ub": -130811.0,
            "max_soln": -186614.0
        },
        "diff_D_T160": {
            "lb": -258576.0,
            "min_soln": -218458.0,
            "ub": -120462.0,
            "max_soln": -160878.0
        },
        "diff_D_T201": {
            "lb": -281101.0,
            "min_soln": -239240.0,
            "ub": -115753.0,
            "max_soln": -193854.0
        },
        "diff_D_T161": {
            "lb": -258187.0,
            "min_soln": -218961.0,
            "ub": -108438.0,
            "max_soln": -170675.0
        },
        "diff_D_T202": {
            "lb": -278591.0,
            "min_soln": -227048.0,
            "ub": -102212.0,
            "max_soln": -140378.0
        },
        "diff_D_T162": {
            "lb": -255935.0,
            "min_soln": -228418.0,
            "ub": -98148.0,
            "max_soln": -127763.0
        },
        "diff_D_T203": {
            "lb": -265117.0,
            "min_soln": -207249.0,
            "ub": -95676.0,
            "max_soln": -140787.0
        },
        "diff_D_T163": {
            "lb": -245827.0,
            "min_soln": -194189.0,
            "ub": -94190.0,
            "max_soln": -134307.0
        }
    }
}