{
    "D20": {
        "lb": {
            "0": 69745.0,
            "1": 79095.0,
            "2": 103412.00000000003,
            "3": 134850.0
        },
        "ub": {
            "0": 134848.99999999994,
            "1": 156925.0,
            "2": 190752.86820187687,
            "3": 229163.0
        },
        "min_soln": {
            "0": 78986.0,
            "1": 92612.0,
            "2": 104898.0,
            "3": 160372.0
        },
        "max_soln": {
            "0": 78986.0,
            "1": 92612.0,
            "2": 104898.0,
            "3": 160372.0
        }
    },
    "D16": {
        "lb": {
            "0": 60645.0,
            "1": 64215.0,
            "2": 82421.0,
            "3": 109611.0
        },
        "ub": {
            "0": 135538.0,
            "1": 155594.0,
            "2": 184910.0,
            "3": 220242.0
        },
        "min_soln": {
            "0": 62166.0,
            "1": 78658.0,
            "2": 89794.0,
            "3": 146815.0
        },
        "max_soln": {
            "0": 62166.0,
            "1": 78658.0,
            "2": 89794.0,
            "3": 146815.0
        }
    },
    "R20": {
        "lb": {
            "0": 131464.0,
            "1": 115702.0,
            "2": 102689.0,
            "3": 96592.0
        },
        "ub": {
            "0": 281962.0,
            "1": 282563.0,
            "2": 278200.0,
            "3": 265280.0
        },
        "min_soln": {
            "0": 189541.0,
            "1": 224027.0,
            "2": 132783.0,
            "3": 96592.0
        },
        "max_soln": {
            "0": 189541.0,
            "1": 224027.0,
            "2": 132783.0,
            "3": 96592.0
        }
    },
    "R16": {
        "lb": {
            "0": 120313.0,
            "1": 109236.0,
            "2": 98604.0,
            "3": 94813.0
        },
        "ub": {
            "0": 258729.0,
            "1": 259142.0,
            "2": 255661.0,
            "3": 245890.0
        },
        "min_soln": {
            "0": 173143.0,
            "1": 169215.0,
            "2": 125696.0,
            "3": 94821.0
        },
        "max_soln": {
            "0": 173143.0,
            "1": 169215.0,
            "2": 125696.0,
            "3": 94821.0
        }
    },
    "T20": {
        "lb": {
            "0": 257405.0,
            "1": 257746.0,
            "2": 257162.0,
            "3": 266688.0354708397
        },
        "ub": {
            "0": 399758.0,
            "1": 402075.0,
            "2": 405017.0,
            "3": 404063.0
        },
        "min_soln": {
            "0": 270918.0,
            "1": 286407.0,
            "2": 290743.0,
            "3": 298715.0
        },
        "max_soln": {
            "0": 270918.0,
            "1": 286407.0,
            "2": 290743.0,
            "3": 298715.0
        }
    },
    "T16": {
        "lb": {
            "0": 226789.0,
            "1": 225632.0,
            "2": 228559.0,
            "3": 243913.0
        },
        "ub": {
            "0": 371332.0,
            "1": 376481.0,
            "2": 379390.0,
            "3": 379999.0
        },
        "min_soln": {
            "0": 230090.0,
            "1": 258104.0,
            "2": 268642.0,
            "3": 277446.0
        },
        "max_soln": {
            "0": 230090.0,
            "1": 258104.0,
            "2": 268642.0,
            "3": 277446.0
        }
    },
    "diff_D_T20": {
        "lb": {
            "0": -281929.0,
            "1": -281101.0,
            "2": -278591.0,
            "3": -265117.0
        },
        "ub": {
            "0": -130811.0,
            "1": -115753.0,
            "2": -102212.0,
            "3": -95676.0
        },
        "min_soln": {
            "0": -239254.0,
            "1": -239240.0,
            "2": -227048.0,
            "3": -207249.0
        },
        "max_soln": {
            "0": -239254.0,
            "1": -239240.0,
            "2": -227048.0,
            "3": -207249.0
        }
    },
    "diff_D_T16": {
        "lb": {
            "0": -258576.0,
            "1": -258187.0,
            "2": -255935.0,
            "3": -245827.0
        },
        "ub": {
            "0": -120462.0,
            "1": -108438.0,
            "2": -98148.0,
            "3": -94190.0
        },
        "min_soln": {
            "0": -218458.0,
            "1": -218961.0,
            "2": -228418.0,
            "3": -194189.0
        },
        "max_soln": {
            "0": -218458.0,
            "1": -218961.0,
            "2": -228418.0,
            "3": -194189.0
        }
    }
}