{
    "Bounds": {
        "D200": {
            "lb": 69745.0,
            "min_soln": 78986.0
        },
        "D160": {
            "lb": 60645.0,
            "min_soln": 62166.0
        },
        "R200": {
            "ub": 281962.0,
            "max_soln": 240712.0
        },
        "R160": {
            "ub": 258729.0,
            "max_soln": 219035.0
        },
        "D201": {
            "ub": 156925.0,
            "max_soln": 124284.0,
            "lb": 79095.0,
            "min_soln": 92612.0
        },
        "D161": {
            "ub": 155594.0,
            "max_soln": 125947.0,
            "lb": 64215.0,
            "min_soln": 78658.0
        },
        "R201": {
            "lb": 115702.0,
            "min_soln": 224027.0,
            "ub": 282563.0,
            "max_soln": 237295.0
        },
        "R161": {
            "lb": 109236.0,
            "min_soln": 169215.0,
            "ub": 259142.0,
            "max_soln": 217774.0
        },
        "D202": {
            "ub": 190752.86820187687,
            "max_soln": 179599.0,
            "lb": 103412.00000000003,
            "min_soln": 104898.0
        },
        "D162": {
            "ub": 184910.0,
            "max_soln": 172349.0,
            "lb": 82421.0,
            "min_soln": 89794.0
        },
        "R202": {
            "lb": 102689.0,
            "min_soln": 132783.0,
            "ub": 278200.0,
            "max_soln": 258990.0
        },
        "R162": {
            "lb": 98604.0,
            "min_soln": 125696.0,
            "ub": 255661.0,
            "max_soln": 245838.0
        },
        "D203": {
            "ub": 229163.0,
            "max_soln": 228558.0,
            "lb": 134850.0,
            "min_soln": 160372.0
        },
        "D163": {
            "ub": 220242.0,
            "max_soln": 220242.0,
            "lb": 109611.0,
            "min_soln": 146815.0
        },
        "R203": {
            "lb": 96592.0,
            "min_soln": 96592.0,
            "ub": 265280.0,
            "max_soln": 203468.0
        },
        "R163": {
            "lb": 94813.0,
            "min_soln": 94821.0,
            "ub": 245890.0,
            "max_soln": 191383.0
        }
    }
}