{"0": {"Relaxation computation (s)": 0.27674007415771484, "Relaxation_bound": 1.7067284364191027, "y": [77028.0, 85188.0, 92355.0, 95294.00000000001, 102614.0, 248042.88435379413, 270822.11564620584], "z": [643765.0, 650070.7664905718, 655435.0, 538106.1846243637, 519705.7768693836, 501995.27201568097, 505390.0], "grad_y": [0.8216091449075162, 0.9484343671090407, 1.0689404979132817, 2.0019119006368995, 2.570438066103907, 6.847271663277337, 5.58972699054492], "grad_z": [-0.09830747122620236, -0.12428681772826153, -0.15062057974441573, -0.35452146455529754, -0.5075235709405579, -3.3833326885601784, -2.9953534685373167], "soln_value": -2.6193447411060333e-10, "Warm_start_val": -484826.66635484964, "ub": -484825.66635484947, "ub_computation (s)": 225.77365112304688, "lb": -1867663.240430732, "lb_computation (s)": 60.81714153289795}, "1": {"Relaxation computation (s)": 1.8632867336273193, "Relaxation_bound": 1.5805795651497458, "y": [77028.00000000003, 85188.0, 92565.65670586526, 95294.0, 206847.9634146341, 206847.9634146341, 207572.4164648665], "z": [643765.0, 650070.7664905718, 525406.8877774624, 655338.0, 501594.0, 532903.3457319661, 505390.0], "grad_y": [0.8216091449075169, 0.9484343671090407, 2.029699220448256, 1.1316835619837888, 7.952909057993872, 7.369237464017932, 7.891582038560332], "grad_z": [-0.09830747122620248, -0.12428681772826153, -0.3575903659179909, -0.16456035413127756, -3.279630621314906, -2.860390676018788, -3.241209271007945], "soln_value": -2.1100277081131935e-10, "Warm_start_val": -763422.5443501481, "ub": -609753.4257279314, "ub_computation (s)": 503.53136372566223, "lb": -2285153.084914686, "lb_computation (s)": 60.900683879852295}, "2": {"Relaxation computation (s)": 1.8725988864898682, "Relaxation_bound": 1.5657071897842285, "y": [77028.0, 85188.0, 92355.0, 95591.95648528505, 102614.00000000013, 247029.71318984672, 271537.3303248681], "z": [625271.9531274964, 561268.4806406366, 528643.1476797423, 502194.0, 654044.0, 637656.4185521245, 505390.0], "grad_y": [0.8877409727862482, 1.4296405571921982, 1.9844041208574246, 2.473198391835007, 1.3052013150483652, 6.152956030131917, 5.544785692202976], "grad_z": [-0.10936187255761315, -0.216987456069293, -0.3466793117175032, -0.4707700073114552, -0.20477510342174704, -2.3836707655895375, -2.9791177191561404], "soln_value": 0.0, "Warm_start_val": -134388.2577317292, "ub": -134387.2577317292, "ub_computation (s)": 285.6088252067566, "lb": -1312663.8249878308, "lb_computation (s)": 60.7431960105896}, "3": {"Relaxation computation (s)": 2.294903516769409, "Relaxation_bound": 1.5682465008320716, "y": [77028.0, 85188.0, 96351.45172741532, 96351.45172741532, 102614.0, 245919.88104429745, 267891.2155008719], "z": [560366.4099233476, 650070.7664905707, 501468.0, 502194.0, 645445.5515704006, 501995.27201568097, 652928.0], "grad_y": [1.1962857978117063, 0.9484343671090448, 2.52325954308561, 2.5123778828206995, 1.3560046432745856, 6.953119500647026, 6.10792996355912], "grad_z": [-0.16444151683974942, -0.12428681772826228, -0.48481602028714327, -0.4820273764673105, -0.21557985817150893, -3.406227938402752, -2.5060355538926937], "soln_value": 3.346940502524376e-10, "Warm_start_val": -146859.29135506414, "ub": -146858.2913550643, "ub_computation (s)": 206.85047006607056, "lb": -1446699.730425094, "lb_computation (s)": 60.39251494407654}, "4": {"Relaxation computation (s)": 1.5488862991333008, "Relaxation_bound": 1.5640185994442515, "y": [78943.68922393779, 102829.4941173213, 102829.4941173213, 102829.4941173213, 102829.4941173213, 227856.30364854264, 253226.0306582343], "z": [519357.59759086167, 501717.0, 588599.5067348414, 655338.0, 654044.0, 546459.7035849818, 548952.1920893149], "grad_y": [1.5492616942852224, 2.8685535187370763, 1.7822672780310438, 1.3029214161997165, 1.3103629852123548, 7.299139569098894, 6.900711041199368], "grad_z": [-0.2354917580633, -0.5879248803213675, -0.31136560680868647, -0.2044422116563372, -0.20601666383217251, -3.0435088829400705, -3.1832274119019406], "soln_value": 2.0372681319713593e-10, "Warm_start_val": -91988.72981191253, "ub": -80318.4348538348, "ub_computation (s)": 600.2412121295929, "lb": -1447262.2578327318, "lb_computation (s)": 60.404285192489624}, "5": {"Relaxation computation (s)": 1.1718380451202393, "Relaxation_bound": 1.5912012568458134, "y": [77028.0, 90520.92373802161, 92355.0, 95591.95648528505, 119883.93225626883, 241936.17831842482, 254028.00920199972], "z": [579623.3780905278, 567258.9937702233, 655435.0, 502194.0, 576765.4211060699, 560554.8968497327, 572636.310183445], "grad_y": [1.089883499277727, 1.553834577590571, 1.0689404979132817, 2.473198391835007, 2.5663487853859577, 7.066611381316131, 6.827319405535961], "grad_z": [-0.14483809548698512, -0.24795471353346457, -0.15062057974441573, -0.4707700073114552, -0.5334300092803016, -3.0499581055580696, -3.0286768860655817], "soln_value": -4.220055416226387e-10, "Warm_start_val": -55205.14548852162, "ub": -55204.145488521084, "ub_computation (s)": 93.2401008605957, "lb": -1426683.4465958993, "lb_computation (s)": 60.31052899360657}, "6": {"Relaxation computation (s)": 1.5155813694000244, "Relaxation_bound": 1.565060779563157, "y": [81191.29624545296, 95294.00000000448, 95294.00000000448, 95294.00000000448, 132160.93340855956, 233892.39402294936, 238217.37632302474], "z": [536097.4355084617, 627852.7327108436, 501468.0, 655338.0, 605557.9647648789, 546594.970500526, 541558.89651529], "grad_y": [1.4907563214958108, 1.2780261064294003, 2.468558294387855, 1.1316835619838859, 2.6942880386515737, 7.266575403122326, 7.253880199442705], "grad_z": [-0.22577320858390432, -0.19397577400077726, -0.46910030970153094, -0.1645603541312994, -0.5880190547868773, -3.109426191441554, -3.1907892574413528], "soln_value": -3.346940502524376e-10, "Warm_start_val": -67237.90831841662, "ub": -67236.90831841598, "ub_computation (s)": 123.35615968704224, "lb": -1439590.688589176, "lb_computation (s)": 60.18147540092468}, "7": {"Relaxation computation (s)": 0.5624816417694092, "Relaxation_bound": 1.5650744922635222, "y": [77028.0, 92197.70534382669, 92355.0, 146927.73012837372, 146927.73012837372, 151972.6189389232, 263935.21546050266], "z": [643765.0, 607452.5284885513, 655435.0, 502194.0, 583278.5402368979, 516952.93127455097, 505390.0], "grad_y": [0.8216091449075162, 1.3209463221661797, 1.0689404979132817, 5.629628515649815, 3.7040367637163616, 5.512383255056682, 6.012773052218096], "grad_z": [-0.09830747122620236, -0.20049010264080963, -0.15062057974441573, -1.6470697365368625, -0.9330460088311422, -1.6205175929665356, -3.14011466600504], "soln_value": 1.4551915228366852e-11, "Warm_start_val": -325509.6605475999, "ub": -303809.71403881116, "ub_computation (s)": 158.56210923194885, "lb": -1338959.4802444854, "lb_computation (s)": 60.07614254951477}, "8": {"Relaxation computation (s)": 0.3906128406524658, "Relaxation_bound": 1.5475962297239945, "y": [92355.0, 92355.0, 92355.0, 95294.0, 102614.0, 229025.03483776373, 267345.96516223636], "z": [501060.3618890222, 574675.5727604781, 625989.3827614677, 584254.8138741271, 594774.1389756374, 526124.8276304316, 607588.9021088358], "grad_y": [2.325765685727046, 1.554469792843655, 1.2165221891514901, 1.5726418676349792, 1.7212708958561889, 7.504015857145272, 6.464490620747927], "grad_z": [-0.4286830614489829, -0.249815834399337, -0.17947893346602875, -0.25650337930582207, -0.2969639736044774, -3.2665394272422312, -2.844448735465056], "soln_value": -6.402842700481415e-10, "Warm_start_val": -63298.434735424365, "ub": 4700.481774859494, "ub_computation (s)": 600.0992770195007, "lb": -1390438.30103416, "lb_computation (s)": 60.04035186767578}}