{"vap": {"lb": {"0": 501060.3618890222, "1": 501717.0, "2": 501468.0, "3": 502194.0, "4": 501594.0, "5": 501995.27201568097, "6": 505390.0}, "ub": {"0": 643765.0, "1": 650070.7664905718, "2": 655435.0, "3": 655338.0, "4": 654044.0, "5": 655929.0, "6": 652928.0}}, "bvap": {"lb": {"0": 77028.0, "1": 85188.0, "2": 92355.0, "3": 95294.0, "4": 102614.0, "5": 111127.00000000004, "6": 175165.0}, "ub": {"0": 132644.0, "1": 144869.0, "2": 159674.0, "3": 180358.0, "4": 206847.9634146341, "5": 248043.0, "6": 304582.0}}}