{"0": {"Relaxation computation (s)": 0.1516282558441162, "Relaxation_bound": 1.7068229301840854, "y": [77028.0, 85188.0, 92355.0, 95294.0, 102614.0, 248042.88435379413, 270822.1156462058], "z": [643765.0, 650070.7664905707, 655435.0, 538106.1846243646, 519705.7768693836, 501995.272015681, 505390.0], "grad_y": [0.8216091449075162, 0.9484343671090448, 1.0689404979132817, 2.0019119006368884, 2.570438066103907, 6.847271663277337, 5.589726990544924], "grad_z": [-0.09830747122620236, -0.12428681772826228, -0.15062057974441573, -0.3545214645552949, -0.5075235709405579, -3.3833326885601784, -2.995353468537318], "soln_value": 2.3283064365386963e-10, "Warm_start_val": -710171.0734827978, "ub": -410071.7679685426, "ub_computation (s)": 10.068470478057861, "ub objective value": -484826.6663548483, "lb": -1882815.4835198368, "lb_computation (s)": 10.057961463928223}, "1": {"Relaxation computation (s)": 0.3282766342163086, "Relaxation_bound": 1.5973324998840648, "y": [77028.0, 85188.0, 92355.0, 95294.00000000448, 206847.9634146341, 206847.9634146341, 207783.0731707273], "z": [643765.0, 650070.7664905718, 548236.5001622471, 655338.0, 501594.0, 510073.7333471813, 505390.0], "grad_y": [0.8216091449075162, 0.9484343671090407, 1.783106364935254, 1.1316835619838859, 7.952909057993872, 7.807720045306434, 7.892076499083408], "grad_z": [-0.09830747122620236, -0.12428681772826153, -0.30037910333379797, -0.1645603541312994, -3.279630621314906, -3.1662304578698914, -3.2447019305447773], "soln_value": -4.656612873077393e-10, "Warm_start_val": -910083.6704817499, "ub": -512438.36699069483, "ub_computation (s)": 10.065968990325928, "ub objective value": -820853.7270365143, "lb": -2413959.6147948205, "lb_computation (s)": 10.029437780380249}, "2": {"Relaxation computation (s)": 0.33428239822387695, "Relaxation_bound": 1.4946925738571328, "y": [77028.0, 95294.0, 95294.0, 95294.0, 102614.00000000013, 239087.31473156667, 266732.68526843324], "z": [613689.2326647141, 501717.0, 501468.0, 655338.0, 654044.0, 582821.7673352859, 505390.0], "grad_y": [0.9333438613782755, 2.4649038401010683, 2.4685582943876248, 1.1316835619837888, 1.3052013150483652, 6.842553293442063, 5.843294890181799], "grad_z": [-0.11714986531876226, -0.468173385670789, -0.46910030970146505, -0.16456035413127756, -0.20477510342174704, -2.806977680872308, -3.0839504874918493], "soln_value": 2.1827872842550278e-10, "Warm_start_val": -429132.01125192334, "ub": -135939.93347077855, "ub_computation (s)": 10.046952724456787, "ub objective value": -220788.3562743971, "lb": -1506771.5513847377, "lb_computation (s)": 10.033941268920898}, "3": {"Relaxation computation (s)": 0.42736005783081055, "Relaxation_bound": 1.473718954272734, "y": [85188.0, 85188.0, 92355.0, 102922.47768420179, 102922.47768420179, 234855.67773747258, 267912.3668941239], "z": [501060.3618890222, 650070.7664905707, 613658.6233849981, 502194.0, 654044.0, 588050.248235409, 505390.0], "grad_y": [1.9859680995068327, 0.9484343671090448, 1.2872574354494957, 2.8655629929196693, 1.312594443577917, 6.749754127272099, 5.770796358704003], "grad_z": [-0.33764524861429607, -0.12428681772826228, -0.19373093756127685, -0.5872846812017849, -0.20655410389447107, -2.6957187500194624, -3.059157702614577], "soln_value": 0.0, "Warm_start_val": -384726.5578509846, "ub": -97537.58123448552, "ub_computation (s)": 10.080981492996216, "ub objective value": -207439.767776713, "lb": -1434797.911258597, "lb_computation (s)": 10.033441305160522}, "4": {"Relaxation computation (s)": 0.6535501480102539, "Relaxation_bound": 1.4642367330361652, "y": [77028.0, 85188.0, 92355.0, 145312.1401037911, 145312.1401037911, 172972.50590120896, 253176.21389120902], "z": [643765.0, 645376.7641151121, 655435.0, 502194.0, 560311.9638692068, 501995.27201568097, 505390.0], "grad_y": [0.8216091449075162, 0.9673991416250874, 1.0689404979132817, 5.526628080168089, 4.073749057717127, 7.099434579373515, 6.622968084888584], "grad_z": [-0.09830747122620236, -0.127694089187969, -0.15062057974441573, -1.5991552146917951, -1.056492154361459, -2.4462521026245296, -3.3177901906535614], "soln_value": -2.6193447411060333e-10, "Warm_start_val": -439888.45867273916, "ub": -260412.15442618477, "ub_computation (s)": 10.04344916343689, "ub objective value": -370621.94278303673, "lb": -1703940.2950950798, "lb_computation (s)": 10.03043794631958}, "5": {"Relaxation computation (s)": 0.5369529724121094, "Relaxation_bound": 1.4638778007158002, "y": [85188.0, 85188.0, 93564.70150773323, 95294.0, 102614.00000000013, 233486.89859111822, 276008.3999011484], "z": [501060.3618890222, 650070.7664905718, 510058.8426270053, 612978.7901081626, 633002.0848251365, 501995.27201568097, 605301.8820444207], "grad_y": [1.9859680995068327, 0.9484343671090407, 2.2632619545940402, 1.368889569063762, 1.4346768553252969, 7.480474034032858, 6.327496562823604], "grad_z": [-0.33764524861429607, -0.12428681772826153, -0.41517058723018097, -0.21280828097060953, -0.23257100468005318, -3.4793010603158905, -2.885241651300193], "soln_value": 6.548361852765083e-10, "Warm_start_val": -474134.31410402444, "ub": -109486.04873789819, "ub_computation (s)": 10.060964345932007, "ub objective value": -212186.61235301103, "lb": -1620283.1429652201, "lb_computation (s)": 10.032440185546875}, "6": {"Relaxation computation (s)": 0.48791003227233887, "Relaxation_bound": 1.4554427732063446, "y": [82959.40897298307, 85188.0, 92355.0, 95294.00000000448, 121743.1643312767, 229765.64766558964, 264038.7790301462], "z": [501060.3618890222, 543354.6650242313, 655435.0, 655338.0, 573674.1117504843, 580215.8613362623, 505390.0], "grad_y": [1.887118183749228, 1.5690191722690556, 1.0689404979132817, 1.1316835619838859, 2.689442463670858, 6.823180908273209, 6.00656499027106], "grad_z": [-0.3124458071195018, -0.24599329655391028, -0.15062057974441573, -0.1645603541312994, -0.5707443112869709, -2.701981598569753, -3.1381034175515787], "soln_value": 4.0745362639427185e-10, "Warm_start_val": -351011.1915121339, "ub": -69750.54168645076, "ub_computation (s)": 10.034942150115967, "ub objective value": -175412.03922632686, "lb": -1436772.1399503348, "lb_computation (s)": 10.021432876586914}, "7": {"Relaxation computation (s)": 0.5394549369812012, "Relaxation_bound": 1.4515027434614327, "y": [77028.0, 98767.61912146595, 98767.61912146595, 104482.83796591219, 104482.83796591219, 225719.2355185163, 262095.8503067274], "z": [620270.1961205837, 501717.0, 655435.0, 502194.0, 654044.0, 501995.27201568097, 578812.5318637353], "grad_y": [0.9070123289134324, 2.6468407199398825, 1.2080427956206088, 2.9530165607622307, 1.3504229151473164, 7.717292056658598, 6.656507329361919], "grad_z": [-0.1126369541991692, -0.5210550093024734, -0.18204018815029288, -0.6143831882276082, -0.21572863389740116, -3.470035198354784, -3.014176184030516], "soln_value": -1.4551915228366852e-11, "Warm_start_val": -424782.0708642301, "ub": -96173.36318420304, "ub_computation (s)": 10.053961753845215, "ub objective value": -197259.0608419627, "lb": -1697623.0758249597, "lb_computation (s)": 10.039446353912354}, "8": {"Relaxation computation (s)": 0.4879109859466553, "Relaxation_bound": 1.4507615654875103, "y": [77028.0, 85188.0, 115977.20094918022, 115977.20094918022, 115977.20094918022, 204327.13499700523, 256869.26215545408], "z": [643765.0, 647754.1714202795, 501468.0, 629958.4415833381, 552119.901471051, 534012.4855253313, 505390.0], "grad_y": [0.8216091449075162, 0.9577239884905586, 3.6499657307932636, 1.8456029086197243, 2.7379551607867874, 7.299664542744882, 6.422104543002872], "grad_z": [-0.09830747122620236, -0.12595301540497258, -0.8441472018510288, -0.3397809208928024, -0.5751293786483147, -2.7930424529138365, -3.2640955607478137], "soln_value": -4.656612873077393e-10, "Warm_start_val": -398464.4671659572, "ub": -106148.88295865472, "ub_computation (s)": 10.05996322631836, "ub objective value": -196811.7945912748, "lb": -1593736.2510160042, "lb_computation (s)": 10.278145790100098},