{
    "Bounds": {
        "D200": {},
        "D160": {},
        "R200": {},
        "R160": {},
        "D201": {},
        "D161": {},
        "R201": {},
        "R161": {},
        "D202": {},
        "D162": {},
        "R202": {},
        "R162": {},
        "D203": {},
        "D163": {},
        "R203": {},
        "R163": {},
        "D204": {},
        "D164": {},
        "R204": {},
        "R164": {},
        "D205": {},
        "D165": {},
        "R205": {},
        "R165": {},
        "D206": {},
        "D166": {},
        "R206": {},
        "R166": {},
        "T200": {
            "lb": 300521.58525378205,
            "min_soln": 313242.07132452866,
            "ub": 402296.79583811644,
            "max_soln": 382020.9554365536
        },
        "T160": {
            "lb": 243364.6358709678,
            "min_soln": 245875.19910011248,
            "ub": 332718.8350417667,
            "max_soln": 325962.0
        },
        "diff_D_T20_[0]": {
            "lb": -262867.9591913194,
            "min_soln": -262867.9591913194,
            "ub": -155180.3670080009,
            "max_soln": -194058.0268776797
        },
        "diff_D_T16_[0]": {
            "lb": -222251.2324555672,
            "min_soln": -222251.2324555672,
            "ub": -129730.08676548101,
            "max_soln": -149899.1345681083
        },
        "T201": {
            "lb": 300112.93031830696,
            "min_soln": 313242.0753152015,
            "ub": 405934.3496324409,
            "max_soln": 385857.3607800672
        },
        "T161": {
            "lb": 242776.5746337196,
            "min_soln": 245875.19910011248,
            "ub": 336133.6473616649,
            "max_soln": 336133.6473616649
        },
        "diff_D_T20_[1]": {
            "lb": -262867.960236384,
            "min_soln": -262867.9591913193,
            "ub": -145428.6730246135,
            "max_soln": -186469.12026002153
        },
        "diff_D_T16_[1]": {
            "lb": -222251.2324555672,
            "min_soln": -222251.2324555672,
            "ub": -123818.22764097163,
            "max_soln": -161741.4431467789
        },
        "T202": {
            "lb": 300237.297408771,
            "min_soln": 314789.99991278024,
            "ub": 410095.798152103,
            "max_soln": 406264.3607800714
        },
        "T162": {
            "lb": 243363.6794123571,
            "min_soln": 243364.63587096773,
            "ub": 339534.6473616649,
            "max_soln": 339534.6473616649
        },
        "diff_D_T20_[2]": {
            "lb": -260447.74216870317,
            "min_soln": -259021.3034872135,
            "ub": -133420.53055509363,
            "max_soln": -242630.0
        },
        "diff_D_T16_[2]": {
            "lb": -220039.88273153675,
            "min_soln": -220039.88273153672,
            "ub": -119110.62044759559,
            "max_soln": -205079.55685322106
        },
        "T203": {
            "lb": 302683.8370877834,
            "min_soln": 307255.45936685463,
            "ub": 412140.7741619803,
            "max_soln": 406264.3607800675
        },
        "T163": {
            "lb": 243364.63587096773,
            "min_soln": 243364.63587096773,
            "ub": 352697.7957921983,
            "max_soln": 341595.51495465473
        },
        "diff_D_T20_[3]": {
            "lb": -259033.439069406,
            "min_soln": -259021.30348721473,
            "ub": -119539.52882438437,
            "max_soln": -157645.06448722197
        },
        "diff_D_T16_[3]": {
            "lb": -220039.88273153675,
            "min_soln": -220039.88273153672,
            "ub": -108832.5556453682,
            "max_soln": -138035.47290588115
        },
        "T204": {
            "lb": 301986.5151272109,
            "min_soln": 306401.04387497087,
            "ub": 411505.00239831314,
            "max_soln": 411505.00239831314
        },
        "T164": {
            "lb": 243364.63587096773,
            "min_soln": 243364.63587096773,
            "ub": 354440.45907382364,
            "max_soln": 353313.0
        },
        "diff_D_T20_[4]": {
            "lb": -259967.05866380155,
            "min_soln": -249305.7112177011,
            "ub": -111954.86253143175,
            "max_soln": -111954.86253143175
        },
        "diff_D_T16_[4]": {
            "lb": -218099.93285425456,
            "min_soln": -218099.93285425456,
            "ub": -100810.01969565701,
            "max_soln": -100810.01969565701
        },
        "T205": {
            "lb": 302556.07444823463,
            "min_soln": 305764.639219935,
            "ub": 421957.10827999294,
            "max_soln": 421957.10827999294
        },
        "T165": {
            "lb": 254987.1276482814,
            "min_soln": 254987.1276482814,
            "ub": 356718.8008998893,
            "max_soln": 356718.8008998893
        },
        "diff_D_T20_[5]": {
            "lb": -250959.84242046796,
            "min_soln": -198830.2210959391,
            "ub": -104371.87973997832,
            "max_soln": -104371.87973997832
        },
        "diff_D_T16_[5]": {
            "lb": -207115.44917441992,
            "min_soln": -162365.4925571985,
            "ub": -93405.51029252436,
            "max_soln": -93405.51029252436
        },
        "T206": {
            "lb": 301742.9813506994,
            "min_soln": 305764.63918188866,
            "ub": 421975.9337225147,
            "max_soln": 421957.10827999306
        },
        "T166": {
            "lb": 254987.1276482815,
            "min_soln": 262508.781148429,
            "ub": 359053.6646495536,
            "max_soln": 352654.6849863711
        },
        "diff_D_T20_[6]": {
            "lb": -242939.90370657496,
            "min_soln": -198830.22109593914,
            "ub": -104371.87964003683,
            "max_soln": -104371.87964003683
        },
        "diff_D_T16_[6]": {
            "lb": -204271.16933420874,
            "min_soln": -162365.4925571985,
            "ub": -93405.51019808857,
            "max_soln": -93405.51029252436
        }
    }
}