{
    "Bounds": {
        "D200": {
            "ub": 150342.99778980177,
            "max_soln": 136382.00000000012,
            "lb": 97768.25230622415,
            "min_soln": 98206.99999999984
        },
        "D160": {
            "ub": 134980.31465898638,
            "max_soln": 109539.48249732645,
            "lb": 78428.0,
            "min_soln": 78428.0
        },
        "R200": {
            "lb": 154633.72314397598,
            "min_soln": 188645.23076507138,
            "ub": 262867.9591913194,
            "max_soln": 262867.9591913193
        },
        "R160": {
            "lb": 129126.66541886334,
            "min_soln": 151220.13652843947,
            "ub": 222251.23245556722,
            "max_soln": 222251.23245556722
        },
        "D201": {
            "ub": 164271.75164610444,
            "max_soln": 139152.51102388487,
            "lb": 114133.16994808752,
            "min_soln": 114133.16994808752
        },
        "D161": {
            "ub": 143838.60270259788,
            "max_soln": 105405.41717078254,
            "lb": 86184.86152416914,
            "min_soln": 86184.86152416914
        },
        "R201": {
            "lb": 147263.6626885607,
            "min_soln": 183900.89916408254,
            "ub": 262867.95919131936,
            "max_soln": 262867.95919131936
        },
        "R161": {
            "lb": 123999.63947967722,
            "min_soln": 147923.99715027708,
            "ub": 222251.23245556722,
            "max_soln": 222251.23245556722
        },
        "D202": {
            "ub": 176500.60484708182,
            "max_soln": 141867.4744560662,
            "lb": 118036.40444558553,
            "min_soln": 121485.47445606622
        },
        "D162": {
            "ub": 155012.13947176514,
            "max_soln": 140310.8479939333,
            "lb": 89325.25607644777,
            "min_soln": 89325.25607644777
        },
        "R202": {
            "lb": 131483.75533764518,
            "min_soln": 163002.98279145343,
            "ub": 260595.5597511007,
            "max_soln": 259021.30348721344
        },
        "R162": {
            "lb": 120009.80334271488,
            "min_soln": 143015.50940313263,
            "ub": 220039.88273153675,
            "max_soln": 220039.88273153675
        },
        "D203": {
            "ub": 187097.61692631838,
            "max_soln": 179331.93229339528,
            "lb": 123479.48556626574,
            "min_soln": 125334.0
        },
        "D163": {
            "ub": 160779.17784503553,
            "max_soln": 155950.0006022772,
            "lb": 89325.25607644777,
            "min_soln": 89325.25607644777
        },
        "R203": {
            "lb": 120859.46592812869,
            "min_soln": 158615.06448722203,
            "ub": 259021.30348721344,
            "max_soln": 259021.30348721344
        },
        "R163": {
            "lb": 105571.55391228804,
            "min_soln": 139202.47290588112,
            "ub": 220039.88273153675,
            "max_soln": 220039.88273153675
        },
        "D204": {
            "ub": 203543.91130765725,
            "max_soln": 200532.00295341568,
            "lb": 125878.22635772025,
            "min_soln": 137672.18532511435
        },
        "D164": {
            "ub": 181351.0,
            "max_soln": 181351.0,
            "lb": 91271.558564187,
            "min_soln": 95279.25607644777
        },
        "R204": {
            "lb": 111954.86253143172,
            "min_soln": 111954.86253143172,
            "ub": 258123.5539949967,
            "max_soln": 256540.12026002235
        },
        "R164": {
            "lb": 100810.01969565701,
            "min_soln": 100810.01969565701,
            "ub": 218099.93285425453,
            "max_soln": 218099.93285425453
        },
        "D205": {
            "ub": 228353.26776546278,
            "max_soln": 220670.8659883737,
            "lb": 161117.59813010093,
            "min_soln": 182928.75947995667
        },
        "D165": {
            "ub": 194176.516431092,
            "max_soln": 189212.3423710252,
            "lb": 122835.77983464378,
            "min_soln": 149749.36334366945
        },
        "R205": {
            "lb": 104371.87973997829,
            "min_soln": 104371.87973997829,
            "ub": 243955.0878231398,
            "max_soln": 176104.44638789797
        },
        "R165": {
            "lb": 93405.51029252438,
            "min_soln": 93405.51029252438,
            "ub": 205845.88183857125,
            "max_soln": 155007.3685124217
        },
        "D206": {
            "ub": 246587.7594799567,
            "max_soln": 246587.7594799567,
            "lb": 164866.8795745853,
            "min_soln": 184694.51303225808
        },
        "D166": {
            "ub": 214509.27085590467,
            "max_soln": 214509.27085590467,
            "lb": 127693.34330225423,
            "min_soln": 130019.34330225423
        },
        "R206": {
            "lb": 104371.87973997826,
            "min_soln": 104371.87973997826,
            "ub": 241328.64550793296,
            "max_soln": 198830.2210959391
        },
        "R166": {
            "lb": 93405.51029252438,
            "min_soln": 93405.51029252438,
            "ub": 203779.11611999694,
            "max_soln": 162365.4925571985
        }
    }
}