{
    "D20": {
        "lb": {
            "0": 97768.25230622415,
            "1": 114133.16994808752,
            "2": 118036.40444558553,
            "3": 123479.48556626574,
            "4": 125878.22635772025,
            "5": 161117.59813010093,
            "6": 164866.8795745853
        },
        "ub": {
            "0": 150342.99778980177,
            "1": 164271.75164610444,
            "2": 176500.60484708182,
            "3": 187097.61692631838,
            "4": 203543.91130765725,
            "5": 228353.26776546278,
            "6": 246587.7594799567
        },
        "min_soln": {
            "0": 98206.99999999984,
            "1": 114133.16994808752,
            "2": 121485.47445606622,
            "3": 125334.0,
            "4": 137672.18532511435,
            "5": 182928.75947995667,
            "6": 184694.51303225808
        },
        "max_soln": {
            "0": 98206.99999999984,
            "1": 114133.16994808752,
            "2": 121485.47445606622,
            "3": 125334.0,
            "4": 137672.18532511435,
            "5": 182928.75947995667,
            "6": 184694.51303225808
        }
    },
    "D16": {
        "lb": {
            "0": 78428.0,
            "1": 86184.86152416914,
            "2": 89325.25607644777,
            "3": 89325.25607644777,
            "4": 91271.558564187,
            "5": 122835.77983464378,
            "6": 127693.34330225423
        },
        "ub": {
            "0": 134980.31465898638,
            "1": 143838.60270259788,
            "2": 155012.13947176514,
            "3": 160779.17784503553,
            "4": 181351.0,
            "5": 194176.516431092,
            "6": 214509.27085590467
        },
        "min_soln": {
            "0": 78428.0,
            "1": 86184.86152416914,
            "2": 89325.25607644777,
            "3": 89325.25607644777,
            "4": 95279.25607644777,
            "5": 149749.36334366945,
            "6": 130019.34330225423
        },
        "max_soln": {
            "0": 78428.0,
            "1": 86184.86152416914,
            "2": 89325.25607644777,
            "3": 89325.25607644777,
            "4": 95279.25607644777,
            "5": 149749.36334366945,
            "6": 130019.34330225423
        }
    },
    "R20": {
        "lb": {
            "0": 154633.72314397598,
            "1": 147263.6626885607,
            "2": 131483.75533764518,
            "3": 120859.46592812869,
            "4": 111954.86253143172,
            "5": 104371.87973997829,
            "6": 104371.87973997826
        },
        "ub": {
            "0": 262867.9591913194,
            "1": 262867.95919131936,
            "2": 260595.5597511007,
            "3": 259021.30348721344,
            "4": 258123.5539949967,
            "5": 243955.0878231398,
            "6": 241328.64550793296
        },
        "min_soln": {
            "0": 188645.23076507138,
            "1": 183900.89916408254,
            "2": 163002.98279145343,
            "3": 158615.06448722203,
            "4": 111954.86253143172,
            "5": 104371.87973997829,
            "6": 104371.87973997826
        },
        "max_soln": {
            "0": 188645.23076507138,
            "1": 183900.89916408254,
            "2": 163002.98279145343,
            "3": 158615.06448722203,
            "4": 111954.86253143172,
            "5": 104371.87973997829,
            "6": 104371.87973997826
        }
    },
    "R16": {
        "lb": {
            "0": 129126.66541886334,
            "1": 123999.63947967722,
            "2": 120009.80334271488,
            "3": 105571.55391228804,
            "4": 100810.01969565701,
            "5": 93405.51029252438,
            "6": 93405.51029252438
        },
        "ub": {
            "0": 222251.23245556722,
            "1": 222251.23245556722,
            "2": 220039.88273153675,
            "3": 220039.88273153675,
            "4": 218099.93285425453,
            "5": 205845.88183857125,
            "6": 203779.11611999694
        },
        "min_soln": {
            "0": 151220.13652843947,
            "1": 147923.99715027708,
            "2": 143015.50940313263,
            "3": 139202.47290588112,
            "4": 100810.01969565701,
            "5": 93405.51029252438,
            "6": 93405.51029252438
        },
        "max_soln": {
            "0": 151220.13652843947,
            "1": 147923.99715027708,
            "2": 143015.50940313263,
            "3": 139202.47290588112,
            "4": 100810.01969565701,
            "5": 93405.51029252438,
            "6": 93405.51029252438
        }
    }
}