{"accept": "rep_gerrymander", "data": ["../../data/demographics/ia_cnty_demographics_2020.csv GEOID VAP VAP", "../../data/demographics/ia_cnty_demographics_2020.csv GEOID BVAP BVAP", "../../data/demographics/ia_cnty_demographics_2020.csv GEOID POP POP", "../../data/partisan_data/ia_cnty_census_2020_voter_data_20161.csv GEOID D16 D1", "../../data/partisan_data/ia_cnty_census_2020_voter_data_2020.csv GEOID D20 D2", "../../data/partisan_data/ia_cnty_census_2020_voter_data_20161.csv GEOID R16 R1", "../../data/partisan_data/ia_cnty_census_2020_voter_data_2020.csv GEOID R20 R2"], "districts": 4, "geometry": "../../data/json/ia_pl2020_cnty.json", "input_districts": null, "no_json": false, "number_of_runs": 10, "outfolder": "../outputs/ia_cnty", "partition": "semi_random_split", "population_tolerance": 0.01, "prefix": "ia_cnty_rep_gerrymander_", "start": 0, "steps": 100, "summary_file": "../outputs/ia_cnty/ia_cnty_summary.csv", "file": "../outputs/ia_cnty/ia_cnty_rep_gerrymander__100_02.csv", "scores": {"BVAP_ratio": {"1": 0.04434674392375139, "2": 0.04064127471307528, "3": 0.018035033926326764, "4": 0.04099713632999775}, "BVAP_function": 0.005011531167451812, "polsby_popper": {"1": 0.17717397527147283, "2": 0.16508509893421883, "3": 0.34107918594254105, "4": 0.3399063105658651}, "polsby_popper_mean": 0.25581114267852445}, "date_created": "2022-02-16", "Host computer": "vt000423562", "D1": {"1": 167709.24617737002, "2": 170901.0, "3": 134287.75382262998, "4": 180771.0}, "R1": {"1": 174607.42048929664, "2": 189482.00000000003, "3": 237821.57951070336, "4": 199072.0}, "D2": {"1": 210870.0, "2": 193898.0, "3": 149733.0, "4": 204560.0}, "R2": {"1": 203332.0, "2": 213115.0, "3": 256473.0, "4": 224752.0}, "Dem_PVI": {"1": -1.5888147937127215, "2": -4.009343598332286, "3": -15.06520090752435, "4": -3.9203456351362576}, "county_splits": {"000": {"split?": 2, "districts": [1, 2, 3, 4]}, "total": 3}, "CVPI": 1.9072250090474532, "dem_prob": 0.7799888653388014, "rep_prob": 3.2200111346611986}