{"accept": "rep_gerrymander", "data": ["../../data/demographics/ia_cnty_demographics_2020.csv GEOID VAP VAP", "../../data/demographics/ia_cnty_demographics_2020.csv GEOID BVAP BVAP", "../../data/demographics/ia_cnty_demographics_2020.csv GEOID POP POP", "../../data/partisan_data/ia_cnty_census_2020_voter_data_20161.csv GEOID D16 D1", "../../data/partisan_data/ia_cnty_census_2020_voter_data_2020.csv GEOID D20 D2", "../../data/partisan_data/ia_cnty_census_2020_voter_data_20161.csv GEOID R16 R1", "../../data/partisan_data/ia_cnty_census_2020_voter_data_2020.csv GEOID R20 R2"], "districts": 4, "geometry": "../../data/json/ia_pl2020_cnty.json", "input_districts": null, "no_json": false, "number_of_runs": 10, "outfolder": "../outputs/ia_cnty", "partition": "semi_random_split", "population_tolerance": 0.01, "prefix": "ia_cnty_rep_gerrymander_", "start": 0, "steps": 100, "summary_file": "../outputs/ia_cnty/ia_cnty_summary.csv", "file": "../outputs/ia_cnty/ia_cnty_rep_gerrymander__100_04.csv", "scores": {"BVAP_ratio": {"1": 0.0396206595070009, "2": 0.04133715303442401, "3": 0.044228609314775694, "4": 0.01857242902901491}, "BVAP_function": 0.005000071655433513, "polsby_popper": {"1": 0.26381730560032507, "2": 0.4495672510490499, "3": 0.30941980674268865, "4": 0.35031253768811194}, "polsby_popper_mean": 0.3432792252700439}, "date_created": "2022-02-16", "Host computer": "vt000423562", "D1": {"1": 171547.00000000003, "2": 180714.0, "3": 168027.24617737002, "4": 133380.75382262998}, "R1": {"1": 191052.0, "2": 199516.0, "3": 177898.42048929667, "4": 232516.57951070336}, "D2": {"1": 195128.0, "2": 203975.0, "3": 211255.0, "4": 148703.0}, "R2": {"1": 215360.0, "2": 224830.0, "3": 206428.0, "4": 251054.0}, "Dem_PVI": {"1": -4.116997070528157, "2": -3.992104455100126, "3": -1.9644731219604452, "4": -14.71429882168136}, "county_splits": {"000": {"split?": 2, "districts": [1, 2, 3, 4]}, "total": 3}, "CVPI": 1.8257704042317842, "dem_prob": 0.7405784758556082, "rep_prob": 3.2594215241443925}