{"accept": "dem_gerrymander", "data": ["../../data/demographics/ia_cnty_demographics_2020.csv GEOID VAP VAP", "../../data/demographics/ia_cnty_demographics_2020.csv GEOID BVAP BVAP", "../../data/demographics/ia_cnty_demographics_2020.csv GEOID POP POP", "../../data/partisan_data/ia_cnty_census_2020_voter_data_20161.csv GEOID D16 D1", "../../data/partisan_data/ia_cnty_census_2020_voter_data_2020.csv GEOID D20 D2", "../../data/partisan_data/ia_cnty_census_2020_voter_data_20161.csv GEOID R16 R1", "../../data/partisan_data/ia_cnty_census_2020_voter_data_2020.csv GEOID R20 R2"], "districts": 4, "geometry": "../../data/json/ia_pl2020_cnty.json", "input_districts": null, "no_json": false, "number_of_runs": 10, "outfolder": "../outputs/ia_cnty", "partition": "semi_random_split", "population_tolerance": 0.01, "prefix": "ia_cnty_dem_gerrymander_", "start": 0, "steps": 100, "summary_file": "../outputs/ia_cnty/ia_cnty_summary.csv", "file": "../outputs/ia_cnty/ia_cnty_dem_gerrymander__100_02.csv", "scores": {"BVAP_ratio": {"1": 0.028791762095445553, "2": 0.015390003979464648, "3": 0.053159936116814965, "4": 0.04630867956683594}, "BVAP_function": 0.00509921187553725, "polsby_popper": {"1": 0.2672301293165529, "2": 0.3307141243725322, "3": 0.5214868014079105, "4": 0.34734193987488005}, "polsby_popper_mean": 0.3666932487429689}, "date_created": "2022-02-16", "Host computer": "vt000423562", "D1": {"1": 154873.31896551725, "2": 116793.0, "3": 199938.68103448275, "4": 182064.0}, "R1": {"1": 216232.05172413797, "2": 252076.0, "3": 171171.9482758621, "4": 161503.0}, "D2": {"1": 168923.1379310345, "2": 131584.0, "3": 232523.8620689655, "4": 226030.0}, "R2": {"1": 241908.6993534483, "2": 274438.0, "3": 192995.3006465517, "4": 188330.0}, "Dem_PVI": {"1": -10.11483973125479, "2": -19.504721886207534, "3": 2.7202537992260787, "4": 2.230734088211058}, "county_splits": {"000": {"split?": 2, "districts": [1, 2, 3, 4]}, "total": 3}, "CVPI": 1.5428404326874992, "dem_prob": 1.411059234552523, "rep_prob": 2.588940765447477}