{"accept": "dem_gerrymander", "data": ["../../data/demographics/ia_cnty_demographics_2020.csv GEOID VAP VAP", "../../data/demographics/ia_cnty_demographics_2020.csv GEOID BVAP BVAP", "../../data/demographics/ia_cnty_demographics_2020.csv GEOID POP POP", "../../data/partisan_data/ia_cnty_census_2020_voter_data_20161.csv GEOID D16 D1", "../../data/partisan_data/ia_cnty_census_2020_voter_data_2020.csv GEOID D20 D2", "../../data/partisan_data/ia_cnty_census_2020_voter_data_20161.csv GEOID R16 R1", "../../data/partisan_data/ia_cnty_census_2020_voter_data_2020.csv GEOID R20 R2"], "districts": 4, "geometry": "../../data/json/ia_pl2020_cnty.json", "input_districts": null, "no_json": false, "number_of_runs": 10, "outfolder": "../outputs/ia_cnty", "partition": "semi_random_split", "population_tolerance": 0.01, "prefix": "ia_cnty_dem_gerrymander_", "start": 0, "steps": 10, "summary_file": "../outputs/ia_cnty/ia_cnty_summary.csv", "file": "../outputs/ia_cnty/ia_cnty_dem_gerrymander__10_08.csv", "scores": {"BVAP_ratio": {"1": 0.026903775104592277, "2": 0.042081399360731186, "3": 0.046154806532902715, "4": 0.028760575178908152}, "BVAP_function": 0.004978763895197762, "polsby_popper": {"1": 0.2873883119499569, "2": 0.4525736078505101, "3": 0.34748385137389626, "4": 0.3189662935573583}, "polsby_popper_mean": 0.3516030161829304}, "date_created": "2022-02-16", "Host computer": "vt000423562", "D1": {"1": 157162.24617737002, "2": 181062.68103448278, "3": 182279.31896551722, "4": 133164.75382262998}, "R1": {"1": 206597.42048929664, "2": 191228.9482758621, "3": 162119.0517241379, "4": 241037.57951070336}, "D2": {"1": 178672.0, "2": 207106.8620689655, "3": 225518.1379310345, "4": 147764.0}, "R2": {"1": 232466.0, "2": 217030.3006465517, "3": 187880.6993534483, "4": 260295.0}, "Dem_PVI": {"1": -8.208559005704714, "2": -2.8076008834622215, "3": 2.199538225275333, "4": -15.641136381487541}, "county_splits": {"000": {"split?": 2, "districts": [1, 2, 3, 4]}, "total": 3}, "CVPI": 1.5745730002407294, "dem_prob": 1.0000928163770653, "rep_prob": 2.9999071836229345}