{"accept": "dem_gerrymander", "data": ["../../data/demographics/ia_cnty_demographics_2020.csv GEOID VAP VAP", "../../data/demographics/ia_cnty_demographics_2020.csv GEOID BVAP BVAP", "../../data/demographics/ia_cnty_demographics_2020.csv GEOID POP POP", "../../data/partisan_data/ia_cnty_census_2020_voter_data_20161.csv GEOID D16 D1", "../../data/partisan_data/ia_cnty_census_2020_voter_data_2020.csv GEOID D20 D2", "../../data/partisan_data/ia_cnty_census_2020_voter_data_20161.csv GEOID R16 R1", "../../data/partisan_data/ia_cnty_census_2020_voter_data_2020.csv GEOID R20 R2"], "districts": 4, "geometry": "../../data/json/ia_pl2020_cnty.json", "input_districts": null, "no_json": false, "number_of_runs": 10, "outfolder": "../outputs/ia_cnty", "partition": "semi_random_split", "population_tolerance": 0.01, "prefix": "ia_cnty_dem_gerrymander_", "start": 0, "steps": 10, "summary_file": "../outputs/ia_cnty/ia_cnty_summary.csv", "file": "../outputs/ia_cnty/ia_cnty_dem_gerrymander__10_04.csv", "scores": {"BVAP_ratio": {"1": 0.016186605177108168, "2": 0.030054515981653495, "3": 0.04403126853344145, "4": 0.053509851427399405}, "BVAP_function": 0.0050864627946482725, "polsby_popper": {"1": 0.26522143086285355, "2": 0.2944733069496726, "3": 0.46704804582293624, "4": 0.5950210079681055}, "polsby_popper_mean": 0.40544094790089197}, "date_created": "2022-02-16", "Host computer": "vt000423562", "D1": {"1": 123674.0, "2": 155815.31896551725, "3": 172067.0, "4": 202112.68103448275}, "R1": {"1": 250456.0, "2": 208413.0517241379, "3": 172369.0, "4": 169744.9482758621}, "D2": {"1": 138823.0, "2": 170428.1379310345, "3": 214411.0, "4": 235398.8620689655}, "R2": {"1": 271801.0, "2": 230569.6993534483, "3": 204255.0, "4": 191046.3006465517}, "Dem_PVI": {"1": -18.10788065709057, "2": -8.899710750772705, "3": -0.9554698819589049, "4": 3.236216435917939}, "county_splits": {"000": {"split?": 2, "districts": [1, 2, 3, 4]}, "total": 3}, "CVPI": 1.6280164362606482, "dem_prob": 1.202963820862532, "rep_prob": 2.7970361791374683}