{"accept": "dem_gerrymander", "data": ["../../data/demographics/ia_cnty_demographics_2020.csv GEOID VAP VAP", "../../data/demographics/ia_cnty_demographics_2020.csv GEOID BVAP BVAP", "../../data/demographics/ia_cnty_demographics_2020.csv GEOID POP POP", "../../data/partisan_data/ia_cnty_census_2020_voter_data_20161.csv GEOID D16 D1", "../../data/partisan_data/ia_cnty_census_2020_voter_data_2020.csv GEOID D20 D2", "../../data/partisan_data/ia_cnty_census_2020_voter_data_20161.csv GEOID R16 R1", "../../data/partisan_data/ia_cnty_census_2020_voter_data_2020.csv GEOID R20 R2"], "districts": 4, "geometry": "../../data/json/ia_pl2020_cnty.json", "input_districts": null, "no_json": false, "number_of_runs": 10, "outfolder": "../outputs/ia_cnty", "partition": "semi_random_split", "population_tolerance": 0.01, "prefix": "ia_cnty_dem_gerrymander_", "start": 0, "steps": 10, "summary_file": "../outputs/ia_cnty/ia_cnty_summary.csv", "file": "../outputs/ia_cnty/ia_cnty_dem_gerrymander__10_06.csv", "scores": {"BVAP_ratio": {"1": 0.04551959326617893, "2": 0.016201469732842876, "3": 0.05252201424698659, "4": 0.029409843027719245}, "BVAP_function": 0.005082655392415218, "polsby_popper": {"1": 0.3348653593467991, "2": 0.20290672417997258, "3": 0.3168583903823209, "4": 0.2920379632909853}, "polsby_popper_mean": 0.2866671093000195}, "date_created": "2022-02-16", "Host computer": "vt000423562", "D1": {"1": 180270.0, "2": 123773.0, "3": 197874.0, "4": 151752.0}, "R1": {"1": 166279.0, "2": 248029.0, "3": 173480.00000000003, "4": 213195.0}, "D2": {"1": 223023.0, "2": 139165.0, "3": 227551.0, "4": 169322.0}, "R2": {"1": 193921.0, "2": 268218.0, "3": 192206.0, "4": 243327.0}, "Dem_PVI": {"1": 1.2142674844814678, "2": -17.814620464182184, "3": 2.207320546928237, "4": -10.232567841644354}, "county_splits": {"000": {"split?": 2, "districts": [1, 2, 3, 4]}, "total": 3}, "CVPI": 1.7580298415648559, "dem_prob": 1.2936616432188297, "rep_prob": 2.7063383567811705}