{"accept": "dem_gerrymander", "data": ["../../data/demographics/ia_cnty_demographics_2020.csv GEOID VAP VAP", "../../data/demographics/ia_cnty_demographics_2020.csv GEOID BVAP BVAP", "../../data/demographics/ia_cnty_demographics_2020.csv GEOID POP POP", "../../data/partisan_data/ia_cnty_census_2020_voter_data_20161.csv GEOID D16 D1", "../../data/partisan_data/ia_cnty_census_2020_voter_data_2020.csv GEOID D20 D2", "../../data/partisan_data/ia_cnty_census_2020_voter_data_20161.csv GEOID R16 R1", "../../data/partisan_data/ia_cnty_census_2020_voter_data_2020.csv GEOID R20 R2"], "districts": 4, "geometry": "../../data/json/ia_pl2020_cnty.json", "input_districts": null, "no_json": false, "number_of_runs": 10, "outfolder": "../outputs/ia_cnty", "partition": "semi_random_split", "population_tolerance": 0.01, "prefix": "ia_cnty_dem_gerrymander_", "start": 0, "steps": 1000, "summary_file": "../outputs/ia_cnty/ia_cnty_summary.csv", "file": "../outputs/ia_cnty/ia_cnty_dem_gerrymander__1000_00.csv", "scores": {"BVAP_ratio": {"1": 0.05295943621796216, "2": 0.015543504030346135, "3": 0.04628809165384729, "4": 0.02879610486842725}, "BVAP_function": 0.005094736667817226, "polsby_popper": {"1": 0.5428248647747386, "2": 0.2855929801181411, "3": 0.45624646198595936, "4": 0.18498310079605104}, "polsby_popper_mean": 0.3674118519187225}, "date_created": "2022-02-16", "Host computer": "vt000423562", "D1": {"1": 200671.68103448275, "2": 113832.0, "3": 181955.0, "4": 157210.31896551725}, "R1": {"1": 171364.9482758621, "2": 253749.0, "3": 161609.0, "4": 214260.0517241379}, "D2": {"1": 233352.8620689655, "2": 128132.0, "3": 226188.0, "4": 171388.1379310345}, "R2": {"1": 193309.3006465517, "2": 276045.0, "3": 188987.0, "4": 239330.6993534483}, "Dem_PVI": {"1": 2.775671773822417, "2": -20.2050896654838, "3": 2.180589666063831, "4": -9.515042122770922}, "county_splits": {"000": {"split?": 2, "districts": [1, 2, 3, 4]}, "total": 3}, "CVPI": 1.5489522650913197, "dem_prob": 1.4173827577019806, "rep_prob": 2.5826172422980194}