{"accept": "dem_gerrymander", "data": ["../../data/demographics/ia_cnty_demographics_2020.csv GEOID VAP VAP", "../../data/demographics/ia_cnty_demographics_2020.csv GEOID BVAP BVAP", "../../data/demographics/ia_cnty_demographics_2020.csv GEOID POP POP", "../../data/partisan_data/ia_cnty_census_2020_voter_data_20161.csv GEOID D16 D1", "../../data/partisan_data/ia_cnty_census_2020_voter_data_2020.csv GEOID D20 D2", "../../data/partisan_data/ia_cnty_census_2020_voter_data_20161.csv GEOID R16 R1", "../../data/partisan_data/ia_cnty_census_2020_voter_data_2020.csv GEOID R20 R2"], "districts": 4, "geometry": "../../data/json/ia_pl2020_cnty.json", "input_districts": null, "no_json": false, "number_of_runs": 10, "outfolder": "../outputs/ia_cnty", "partition": "semi_random_split", "population_tolerance": 0.01, "prefix": "ia_cnty_dem_gerrymander_", "start": 0, "steps": 100, "summary_file": "../outputs/ia_cnty/ia_cnty_summary.csv", "file": "../outputs/ia_cnty/ia_cnty_dem_gerrymander__100_07.csv", "scores": {"BVAP_ratio": {"1": 0.046954758870259454, "2": 0.05295943621796216, "3": 0.013453244822561416, "4": 0.03035037986906016}, "BVAP_function": 0.005113533359382774, "polsby_popper": {"1": 0.6124203324889469, "2": 0.5428248647747388, "3": 0.3116926126239316, "4": 0.24677830197639103}, "polsby_popper_mean": 0.4284290279660021}, "date_created": "2022-02-16", "Host computer": "vt000423562", "D1": {"1": 181516.0, "2": 200671.68103448275, "3": 117133.0, "4": 154348.31896551725}, "R1": {"1": 159479.0, "2": 171364.9482758621, "3": 256090.0, "4": 214049.05172413794}, "D2": {"1": 224520.0, "2": 233352.8620689655, "3": 133548.0, "4": 167640.1379310345}, "R2": {"1": 185477.0, "2": 193309.3006465517, "3": 280870.0, "4": 238015.6993534483}, "Dem_PVI": {"1": 2.456327676882964, "2": 2.775671773822417, "3": -19.735189957255663, "4": -9.9285286657935}, "county_splits": {"000": {"split?": 2, "districts": [1, 2, 3, 4]}, "total": 3}, "CVPI": 1.4992474189138225, "dem_prob": 1.4333579321823073, "rep_prob": 2.5666420678176927}