{"accept": "dem_gerrymander", "data": ["../../data/demographics/ia_cnty_demographics_2020.csv GEOID VAP VAP", "../../data/demographics/ia_cnty_demographics_2020.csv GEOID BVAP BVAP", "../../data/demographics/ia_cnty_demographics_2020.csv GEOID POP POP", "../../data/partisan_data/ia_cnty_census_2020_voter_data_20161.csv GEOID D16 D1", "../../data/partisan_data/ia_cnty_census_2020_voter_data_2020.csv GEOID D20 D2", "../../data/partisan_data/ia_cnty_census_2020_voter_data_20161.csv GEOID R16 R1", "../../data/partisan_data/ia_cnty_census_2020_voter_data_2020.csv GEOID R20 R2"], "districts": 4, "geometry": "../../data/json/ia_pl2020_cnty.json", "input_districts": null, "no_json": false, "number_of_runs": 10, "outfolder": "../outputs/ia_cnty", "partition": "semi_random_split", "population_tolerance": 0.01, "prefix": "ia_cnty_dem_gerrymander_", "start": 0, "steps": 10, "summary_file": "../outputs/ia_cnty/ia_cnty_summary.csv", "file": "../outputs/ia_cnty/ia_cnty_dem_gerrymander__10_07.csv", "scores": {"BVAP_ratio": {"1": 0.044042418811360624, "2": 0.02987635149937499, "3": 0.05306446599476955, "4": 0.01689983377212683}, "BVAP_function": 0.0050804956969962775, "polsby_popper": {"1": 0.37460584027466837, "2": 0.16753720844766273, "3": 0.3874904536772659, "4": 0.24439675397880206}, "polsby_popper_mean": 0.29350756409459977}, "date_created": "2022-02-16", "Host computer": "vt000423562", "D1": {"1": 174004.0, "2": 167593.31896551725, "3": 196049.68103448275, "4": 116022.0}, "R1": {"1": 175239.0, "2": 205299.0517241379, "3": 170086.94827586212, "4": 250358.0}, "D2": {"1": 216304.0, "2": 184505.1379310345, "3": 227686.8620689655, "4": 130565.0}, "R2": {"1": 206985.0, "2": 227348.6993534483, "3": 191010.3006465517, "4": 272328.0}, "Dem_PVI": {"1": -1.0780132089924948, "2": -6.6685766046532535, "3": 2.422670712360336, "4": -19.503005550103836}, "county_splits": {"000": {"split?": 2, "districts": [1, 2, 3, 4]}, "total": 3}, "CVPI": 1.871057020327644, "dem_prob": 1.18667095520132, "rep_prob": 2.81332904479868}