{"accept": "dem_gerrymander", "data": ["../../data/demographics/ia_cnty_demographics_2020.csv GEOID VAP VAP", "../../data/demographics/ia_cnty_demographics_2020.csv GEOID BVAP BVAP", "../../data/demographics/ia_cnty_demographics_2020.csv GEOID POP POP", "../../data/partisan_data/ia_cnty_census_2020_voter_data_20161.csv GEOID D16 D1", "../../data/partisan_data/ia_cnty_census_2020_voter_data_2020.csv GEOID D20 D2", "../../data/partisan_data/ia_cnty_census_2020_voter_data_20161.csv GEOID R16 R1", "../../data/partisan_data/ia_cnty_census_2020_voter_data_2020.csv GEOID R20 R2"], "districts": 4, "geometry": "../../data/json/ia_pl2020_cnty.json", "input_districts": null, "no_json": false, "number_of_runs": 10, "outfolder": "../outputs/ia_cnty", "partition": "semi_random_split", "population_tolerance": 0.01, "prefix": "ia_cnty_dem_gerrymander_", "start": 0, "steps": 100, "summary_file": "../outputs/ia_cnty/ia_cnty_summary.csv", "file": "../outputs/ia_cnty/ia_cnty_dem_gerrymander__100_00.csv", "scores": {"BVAP_ratio": {"1": 0.0159999214245725, "2": 0.028788419720229788, "3": 0.053159936116814965, "4": 0.04584117077298918}, "BVAP_function": 0.00509586513768195, "polsby_popper": {"1": 0.29735645594334204, "2": 0.2707077913899866, "3": 0.5214868014079105, "4": 0.6037246599879977}, "polsby_popper_mean": 0.42331892718230923}, "date_created": "2022-02-16", "Host computer": "vt000423562", "D1": {"1": 117883.0, "2": 154538.31896551725, "3": 199938.68103448275, "4": 181309.0}, "R1": {"1": 251025.0, "2": 216126.0517241379, "3": 171171.9482758621, "4": 162660.0}, "D2": {"1": 132576.0, "2": 168180.1379310345, "3": 232523.8620689655, "4": 225781.0}, "R2": {"1": 271264.0, "2": 242157.6993534483, "3": 192995.3006465517, "4": 191255.0}, "Dem_PVI": {"1": -19.148288716136683, "2": -10.200987696629639, "3": 2.7202537992260787, "4": 1.885152774039561}, "county_splits": {"000": {"split?": 2, "districts": [1, 2, 3, 4]}, "total": 3}, "CVPI": 1.5932886726948081, "dem_prob": 1.3841097944736167, "rep_prob": 2.6158902055263833}