{"accept": "dem_gerrymander", "data": ["../../data/demographics/ia_cnty_demographics_2020.csv GEOID VAP VAP", "../../data/demographics/ia_cnty_demographics_2020.csv GEOID BVAP BVAP", "../../data/demographics/ia_cnty_demographics_2020.csv GEOID POP POP", "../../data/partisan_data/ia_cnty_census_2020_voter_data_20161.csv GEOID D16 D1", "../../data/partisan_data/ia_cnty_census_2020_voter_data_2020.csv GEOID D20 D2", "../../data/partisan_data/ia_cnty_census_2020_voter_data_20161.csv GEOID R16 R1", "../../data/partisan_data/ia_cnty_census_2020_voter_data_2020.csv GEOID R20 R2"], "districts": 4, "geometry": "../../data/json/ia_pl2020_cnty.json", "input_districts": null, "no_json": false, "number_of_runs": 10, "outfolder": "../outputs/ia_cnty", "partition": "semi_random_split", "population_tolerance": 0.01, "prefix": "ia_cnty_dem_gerrymander_", "start": 0, "steps": 100, "summary_file": "../outputs/ia_cnty/ia_cnty_summary.csv", "file": "../outputs/ia_cnty/ia_cnty_dem_gerrymander__100_05.csv", "scores": {"BVAP_ratio": {"1": 0.015320528262433488, "2": 0.053509851427399405, "3": 0.027727874742653327, "4": 0.046954758870259454}, "BVAP_function": 0.005105877787114875, "polsby_popper": {"1": 0.27422841531785286, "2": 0.5950210079681055, "3": 0.2829025462470309, "4": 0.6124203324889469}, "polsby_popper_mean": 0.44114307550548404}, "date_created": "2022-02-16", "Host computer": "vt000423562", "D1": {"1": 116327.0, "2": 202112.68103448275, "3": 153713.31896551725, "4": 181516.0}, "R1": {"1": 253694.0, "2": 169744.9482758621, "3": 218065.0517241379, "4": 159479.00000000003}, "D2": {"1": 130666.0, "2": 235398.8620689655, "3": 168476.1379310345, "4": 224520.0}, "R2": {"1": 275868.0, "2": 191046.3006465517, "3": 245280.6993534483, "4": 185477.0}, "Dem_PVI": {"1": -19.750292741937873, "2": 3.236216435917939, "3": -10.507973637089343, "4": 2.456327676882964}, "county_splits": {"000": {"split?": 2, "districts": [1, 2, 3, 4]}, "total": 3}, "CVPI": 1.4126276269123292, "dem_prob": 1.4598053375786133, "rep_prob": 2.5401946624213867}