{"accept": "dem_gerrymander", "data": ["../../data/demographics/ia_cnty_demographics_2020.csv GEOID VAP VAP", "../../data/demographics/ia_cnty_demographics_2020.csv GEOID BVAP BVAP", "../../data/demographics/ia_cnty_demographics_2020.csv GEOID POP POP", "../../data/partisan_data/ia_cnty_census_2020_voter_data_20161.csv GEOID D16 D1", "../../data/partisan_data/ia_cnty_census_2020_voter_data_2020.csv GEOID D20 D2", "../../data/partisan_data/ia_cnty_census_2020_voter_data_20161.csv GEOID R16 R1", "../../data/partisan_data/ia_cnty_census_2020_voter_data_2020.csv GEOID R20 R2"], "districts": 4, "geometry": "../../data/json/ia_pl2020_cnty.json", "input_districts": null, "no_json": false, "number_of_runs": 10, "outfolder": "../outputs/ia_cnty", "partition": "semi_random_split", "population_tolerance": 0.01, "prefix": "ia_cnty_dem_gerrymander_", "start": 0, "steps": 100, "summary_file": "../outputs/ia_cnty/ia_cnty_summary.csv", "file": "../outputs/ia_cnty/ia_cnty_dem_gerrymander__100_06.csv", "scores": {"BVAP_ratio": {"1": 0.02978038478224757, "2": 0.046954758870259454, "3": 0.01369498106726066, "4": 0.053580088467397854}, "BVAP_function": 0.005125298457892794, "polsby_popper": {"1": 0.24678160031290464, "2": 0.6124203324889469, "3": 0.2724806033049259, "4": 0.27506624128000895}, "polsby_popper_mean": 0.3516871943466966}, "date_created": "2022-02-16", "Host computer": "vt000423562", "D1": {"1": 163195.31896551725, "2": 181516.0, "3": 117146.0, "4": 191811.68103448275}, "R1": {"1": 214994.0517241379, "2": 159479.0, "3": 256661.00000000006, "4": 169848.9482758621}, "D2": {"1": 177053.1379310345, "2": 224520.0, "3": 133706.0, "4": 223781.8620689655}, "R2": {"1": 241814.6993534483, "2": 185477.0, "3": 281232.0, "4": 189148.3006465517}, "Dem_PVI": {"1": -8.829400870675954, "2": 2.456327676882964, "3": -19.759120360790085, "4": 2.0750037163699133}, "county_splits": {"000": {"split?": 2, "districts": [1, 2, 3, 4]}, "total": 3}, "CVPI": 1.633079890991885, "dem_prob": 1.3957604146562124, "rep_prob": 2.6042395853437874}