{"accept": "dem_gerrymander", "data": ["../../data/demographics/ia_cnty_demographics_2020.csv GEOID VAP VAP", "../../data/demographics/ia_cnty_demographics_2020.csv GEOID BVAP BVAP", "../../data/demographics/ia_cnty_demographics_2020.csv GEOID POP POP", "../../data/partisan_data/ia_cnty_census_2020_voter_data_20161.csv GEOID D16 D1", "../../data/partisan_data/ia_cnty_census_2020_voter_data_2020.csv GEOID D20 D2", "../../data/partisan_data/ia_cnty_census_2020_voter_data_20161.csv GEOID R16 R1", "../../data/partisan_data/ia_cnty_census_2020_voter_data_2020.csv GEOID R20 R2"], "districts": 4, "geometry": "../../data/json/ia_pl2020_cnty.json", "input_districts": null, "no_json": false, "number_of_runs": 10, "outfolder": "../outputs/ia_cnty", "partition": "semi_random_split", "population_tolerance": 0.01, "prefix": "ia_cnty_dem_gerrymander_", "start": 0, "steps": 10, "summary_file": "../outputs/ia_cnty/ia_cnty_summary.csv", "file": "../outputs/ia_cnty/ia_cnty_dem_gerrymander__10_01.csv", "scores": {"BVAP_ratio": {"1": 0.04365022549931992, "2": 0.03827248041792328, "3": 0.017291835124822345, "4": 0.04445133892442829}, "BVAP_function": 0.005012346473491033, "polsby_popper": {"1": 0.20507534071241917, "2": 0.40525014788791863, "3": 0.2725268496814209, "4": 0.35408129903650637}, "polsby_popper_mean": 0.3092334093295662}, "date_created": "2022-02-16", "Host computer": "vt000423562", "D1": {"1": 180909.0, "2": 175193.0, "3": 115488.0, "4": 182079.0}, "R1": {"1": 180141.0, "2": 205786.0, "3": 241031.0, "4": 174025.00000000003}, "D2": {"1": 205141.0, "2": 197163.0, "3": 139669.0, "4": 217088.0}, "R2": {"1": 203653.0, "2": 228000.0, "3": 267895.0, "4": 198124.0}, "Dem_PVI": {"1": -1.3958223911778163, "2": -5.360771092563468, "3": -18.208778224017813, "4": 0.16725105152148956}, "county_splits": {"000": {"split?": 2, "districts": [1, 2, 3, 4]}, "total": 3}, "CVPI": 2.2049798863099874, "dem_prob": 1.0316098209830962, "rep_prob": 2.968390179016904}