{"accept": "dem_gerrymander", "data": ["../../data/demographics/ia_cnty_demographics_2020.csv GEOID VAP VAP", "../../data/demographics/ia_cnty_demographics_2020.csv GEOID BVAP BVAP", "../../data/demographics/ia_cnty_demographics_2020.csv GEOID POP POP", "../../data/partisan_data/ia_cnty_census_2020_voter_data_20161.csv GEOID D16 D1", "../../data/partisan_data/ia_cnty_census_2020_voter_data_2020.csv GEOID D20 D2", "../../data/partisan_data/ia_cnty_census_2020_voter_data_20161.csv GEOID R16 R1", "../../data/partisan_data/ia_cnty_census_2020_voter_data_2020.csv GEOID R20 R2"], "districts": 4, "geometry": "../../data/json/ia_pl2020_cnty.json", "input_districts": null, "no_json": false, "number_of_runs": 10, "outfolder": "../outputs/ia_cnty", "partition": "semi_random_split", "population_tolerance": 0.01, "prefix": "ia_cnty_dem_gerrymander_", "start": 0, "steps": 100, "summary_file": "../outputs/ia_cnty/ia_cnty_summary.csv", "file": "../outputs/ia_cnty/ia_cnty_dem_gerrymander__100_03.csv", "scores": {"BVAP_ratio": {"1": 0.05857555818447871, "2": 0.01651722277774854, "3": 0.053159936116814965, "4": 0.015167550812442044}, "BVAP_function": 0.005256829810427657, "polsby_popper": {"1": 0.30401654480483553, "2": 0.16282506178179357, "3": 0.5214868014079105, "4": 0.28519744361376353}, "polsby_popper_mean": 0.3183814629020758}, "date_created": "2022-02-16", "Host computer": "vt000423562", "D1": {"1": 192355.0, "2": 143629.31896551725, "3": 199938.68103448275, "4": 117746.0}, "R1": {"1": 160903.0, "2": 219771.0517241379, "3": 171171.9482758621, "4": 249137.00000000006}, "D2": {"1": 226692.0, "2": 166355.1379310345, "3": 232523.8620689655, "4": 133490.0}, "R2": {"1": 179824.0, "2": 250639.6993534483, "3": 192995.3006465517, "4": 274213.0}, "Dem_PVI": {"1": 3.568149302669319, "2": -11.831237401471498, "3": 2.7202537992260787, "4": -19.122209145671455}, "county_splits": {"000": {"split?": 2, "districts": [1, 2, 3, 4]}, "total": 3}, "CVPI": 1.3030549927422659, "dem_prob": 1.4928047074001047, "rep_prob": 2.5071952925998953}