{"accept": "dem_gerrymander", "data": ["../../data/demographics/ia_cnty_demographics_2020.csv GEOID VAP VAP", "../../data/demographics/ia_cnty_demographics_2020.csv GEOID BVAP BVAP", "../../data/demographics/ia_cnty_demographics_2020.csv GEOID POP POP", "../../data/partisan_data/ia_cnty_census_2020_voter_data_20161.csv GEOID D16 D1", "../../data/partisan_data/ia_cnty_census_2020_voter_data_2020.csv GEOID D20 D2", "../../data/partisan_data/ia_cnty_census_2020_voter_data_20161.csv GEOID R16 R1", "../../data/partisan_data/ia_cnty_census_2020_voter_data_2020.csv GEOID R20 R2"], "districts": 4, "geometry": "../../data/json/ia_pl2020_cnty.json", "input_districts": null, "no_json": false, "number_of_runs": 10, "outfolder": "../outputs/ia_cnty", "partition": "semi_random_split", "population_tolerance": 0.01, "prefix": "ia_cnty_dem_gerrymander_", "start": 0, "steps": 10, "summary_file": "../outputs/ia_cnty/ia_cnty_summary.csv", "file": "../outputs/ia_cnty/ia_cnty_dem_gerrymander__10_02.csv", "scores": {"BVAP_ratio": {"1": 0.028262108814205822, "2": 0.01542916565082619, "3": 0.05306446599476955, "4": 0.04676934513135845}, "BVAP_function": 0.00509892760439635, "polsby_popper": {"1": 0.14990397049812676, "2": 0.3285397076921553, "3": 0.38749045367726603, "4": 0.28565099185984305}, "polsby_popper_mean": 0.28789628093184777}, "date_created": "2022-02-16", "Host computer": "vt000423562", "D1": {"1": 155354.31896551725, "2": 119331.0, "3": 196049.68103448275, "4": 182934.0}, "R1": {"1": 222066.0517241379, "2": 237855.0, "3": 170086.94827586212, "4": 170975.0}, "D2": {"1": 169955.1379310345, "2": 146087.0, "3": 227686.8620689655, "4": 215332.0}, "R2": {"1": 247532.6993534483, "2": 267295.0, "3": 191010.3006465517, "4": 191834.0}, "Dem_PVI": {"1": -10.604425962470323, "2": -17.165943834669044, "3": 2.422670712360336, "4": 0.7475569462795377}, "county_splits": {"000": {"split?": 2, "districts": [1, 2, 3, 4]}, "total": 3}, "CVPI": 1.7587440216943322, "dem_prob": 1.268757471018585, "rep_prob": 2.731242528981415}