{"accept": "rep_gerrymander", "data": ["../../data/demographics/ia_cnty_demographics_2020.csv GEOID VAP VAP", "../../data/demographics/ia_cnty_demographics_2020.csv GEOID BVAP BVAP", "../../data/demographics/ia_cnty_demographics_2020.csv GEOID POP POP", "../../data/partisan_data/ia_cnty_census_2020_voter_data_20161.csv GEOID D16 D1", "../../data/partisan_data/ia_cnty_census_2020_voter_data_2020.csv GEOID D20 D2", "../../data/partisan_data/ia_cnty_census_2020_voter_data_20161.csv GEOID R16 R1", "../../data/partisan_data/ia_cnty_census_2020_voter_data_2020.csv GEOID R20 R2"], "districts": 4, "geometry": "../../data/json/ia_pl2020_cnty.json", "input_districts": null, "no_json": false, "number_of_runs": 10, "outfolder": "../outputs/ia_cnty", "partition": "semi_random_split", "population_tolerance": 0.01, "prefix": "ia_cnty_rep_gerrymander_", "start": 0, "steps": 100, "summary_file": "../outputs/ia_cnty/ia_cnty_summary.csv", "file": "../outputs/ia_cnty/ia_cnty_rep_gerrymander__100_03.csv", "scores": {"BVAP_ratio": {"1": 0.0392567193183917, "2": 0.04331978598191571, "3": 0.02021743150775409, "4": 0.04088728997546538}, "BVAP_function": 0.004983053447249872, "polsby_popper": {"1": 0.2121210130740733, "2": 0.2931745124885433, "3": 0.29199017247376646, "4": 0.262905173178494}, "polsby_popper_mean": 0.2650477178037193}, "date_created": "2022-02-16", "Host computer": "vt000423562", "D1": {"1": 178008.31896551725, "2": 166543.0, "3": 128313.0, "4": 180804.68103448275}, "R1": {"1": 192207.0517241379, "2": 184790.0, "3": 221693.0, "4": 202292.9482758621}, "D2": {"1": 201483.1379310345, "2": 198333.0, "3": 155178.0, "4": 204066.8620689655}, "R2": {"1": 215005.6993534483, "2": 210379.0, "3": 245751.0, "4": 226536.3006465517}, "Dem_PVI": {"1": -3.3105158360163003, "2": -3.5752389577315924, "3": -13.857581385777785, "4": -4.246803796173978}, "county_splits": {"000": {"split?": 2, "districts": [1, 2, 3, 4]}, "total": 3}, "CVPI": 1.6530315789094054, "dem_prob": 0.6634683364031679, "rep_prob": 3.336531663596832}