{"accept": "dem_gerrymander", "data": ["../../data/demographics/ia_cnty_demographics_2020.csv GEOID VAP VAP", "../../data/demographics/ia_cnty_demographics_2020.csv GEOID BVAP BVAP", "../../data/demographics/ia_cnty_demographics_2020.csv GEOID POP POP", "../../data/partisan_data/ia_cnty_census_2020_voter_data_20161.csv GEOID D16 D1", "../../data/partisan_data/ia_cnty_census_2020_voter_data_2020.csv GEOID D20 D2", "../../data/partisan_data/ia_cnty_census_2020_voter_data_20161.csv GEOID R16 R1", "../../data/partisan_data/ia_cnty_census_2020_voter_data_2020.csv GEOID R20 R2"], "districts": 4, "geometry": "../../data/json/ia_pl2020_cnty.json", "input_districts": null, "no_json": false, "number_of_runs": 10, "outfolder": "../outputs/ia_cnty", "partition": "semi_random_split", "population_tolerance": 0.01, "prefix": "ia_cnty_dem_gerrymander_", "start": 0, "steps": 10, "summary_file": "../outputs/ia_cnty/ia_cnty_summary.csv", "file": "../outputs/ia_cnty/ia_cnty_dem_gerrymander__10_09.csv", "scores": {"BVAP_ratio": {"1": 0.046596454923635316, "2": 0.01516873298115, "3": 0.05306446599476955, "4": 0.028836266273452205}, "BVAP_function": 0.005101742497679466, "polsby_popper": {"1": 0.46643784494062435, "2": 0.2650731540943845, "3": 0.3874904536772659, "4": 0.19170966065733988}, "polsby_popper_mean": 0.32767777834240364}, "date_created": "2022-02-16", "Host computer": "vt000423562", "D1": {"1": 181457.0, "2": 116724.0, "3": 196049.68103448275, "4": 159438.31896551725}, "R1": {"1": 162957.0, "2": 248278.0, "3": 170086.9482758621, "4": 219661.0517241379}, "D2": {"1": 224395.0, "2": 132760.0, "3": 227686.8620689655, "4": 174219.1379310345}, "R2": {"1": 189445.0, "2": 272266.0, "3": 191010.3006465517, "4": 244950.6993534483}, "Dem_PVI": {"1": 1.914183843738165, "2": -19.16142725373227, "3": 2.422670712360336, "4": -9.729984780764838}, "county_splits": {"000": {"split?": 2, "districts": [1, 2, 3, 4]}, "total": 3}, "CVPI": 1.6445062327418132, "dem_prob": 1.3694585933879244, "rep_prob": 2.6305414066120756}