{"accept": "dem_gerrymander", "data": ["../../data/demographics/ia_cnty_demographics_2020.csv GEOID VAP VAP", "../../data/demographics/ia_cnty_demographics_2020.csv GEOID BVAP BVAP", "../../data/demographics/ia_cnty_demographics_2020.csv GEOID POP POP", "../../data/partisan_data/ia_cnty_census_2020_voter_data_20161.csv GEOID D16 D1", "../../data/partisan_data/ia_cnty_census_2020_voter_data_2020.csv GEOID D20 D2", "../../data/partisan_data/ia_cnty_census_2020_voter_data_20161.csv GEOID R16 R1", "../../data/partisan_data/ia_cnty_census_2020_voter_data_2020.csv GEOID R20 R2"], "districts": 4, "geometry": "../../data/json/ia_pl2020_cnty.json", "input_districts": null, "no_json": false, "number_of_runs": 10, "outfolder": "../outputs/ia_cnty", "partition": "semi_random_split", "population_tolerance": 0.01, "prefix": "ia_cnty_dem_gerrymander_", "start": 0, "steps": 100, "summary_file": "../outputs/ia_cnty/ia_cnty_summary.csv", "file": "../outputs/ia_cnty/ia_cnty_dem_gerrymander__100_01.csv", "scores": {"BVAP_ratio": {"1": 0.046954758870259454, "2": 0.05300112588862463, "3": 0.013343234172287683, "4": 0.03054139574713781}, "BVAP_function": 0.005117327678047147, "polsby_popper": {"1": 0.6124203324889469, "2": 0.41673311423459153, "3": 0.2997329000326391, "4": 0.23751066949987132}, "polsby_popper_mean": 0.3915992540640122}, "date_created": "2022-02-16", "Host computer": "vt000423562", "D1": {"1": 181516.0, "2": 196022.68103448275, "3": 118032.0, "4": 158098.31896551725}, "R1": {"1": 159479.0, "2": 170749.9482758621, "3": 256082.00000000003, "4": 214672.0517241379}, "D2": {"1": 224520.0, "2": 228078.8620689655, "3": 134472.0, "4": 171990.1379310345}, "R2": {"1": 185477.0, "2": 191561.3006465517, "3": 280670.0, "4": 239963.6993534483}, "Dem_PVI": {"1": 2.456327676882964, "2": 2.3581713110233835, "3": -19.56922518657378, "4": -9.459212429750345}, "county_splits": {"000": {"split?": 2, "districts": [1, 2, 3, 4]}, "total": 3}, "CVPI": 1.5757444946611239, "dem_prob": 1.408373210536538, "rep_prob": 2.591626789463462}