{"accept": "dem_gerrymander", "data": ["../../data/demographics/ia_cnty_demographics_2020.csv GEOID VAP VAP", "../../data/demographics/ia_cnty_demographics_2020.csv GEOID BVAP BVAP", "../../data/demographics/ia_cnty_demographics_2020.csv GEOID POP POP", "../../data/partisan_data/ia_cnty_census_2020_voter_data_20161.csv GEOID D16 D1", "../../data/partisan_data/ia_cnty_census_2020_voter_data_2020.csv GEOID D20 D2", "../../data/partisan_data/ia_cnty_census_2020_voter_data_20161.csv GEOID R16 R1", "../../data/partisan_data/ia_cnty_census_2020_voter_data_2020.csv GEOID R20 R2"], "districts": 4, "geometry": "../../data/json/ia_pl2020_cnty.json", "input_districts": null, "no_json": false, "number_of_runs": 10, "outfolder": "../outputs/ia_cnty", "partition": "semi_random_split", "population_tolerance": 0.01, "prefix": "ia_cnty_dem_gerrymander_", "start": 0, "steps": 100, "summary_file": "../outputs/ia_cnty/ia_cnty_summary.csv", "file": "../outputs/ia_cnty/ia_cnty_dem_gerrymander__100_09.csv", "scores": {"BVAP_ratio": {"1": 0.05368018759990587, "2": 0.046954758870259454, "3": 0.02772293863149494, "4": 0.015464949834532752}, "BVAP_function": 0.0051138046202826755, "polsby_popper": {"1": 0.3221268057083675, "2": 0.6124203324889469, "3": 0.26980603144999554, "4": 0.31450253726592126}, "polsby_popper_mean": 0.37971392672830784}, "date_created": "2022-02-16", "Host computer": "vt000423562", "D1": {"1": 199973.68103448275, "2": 181516.0, "3": 154380.31896551725, "4": 117799.0}, "R1": {"1": 167093.9482758621, "2": 159479.0, "3": 221872.05172413794, "4": 252538.0}, "D2": {"1": 232911.8620689655, "2": 224520.0, "3": 167800.1379310345, "4": 133829.0}, "R2": {"1": 187974.3006465517, "2": 185477.0, "3": 248250.6993534483, "4": 275970.0}, "Dem_PVI": {"1": 3.3685741760577557, "2": 2.456327676882964, "3": -10.858650815005774, "4": -19.307087262833363}, "county_splits": {"000": {"split?": 2, "districts": [1, 2, 3, 4]}, "total": 3}, "CVPI": 1.386693605671188, "dem_prob": 1.4660462623443398, "rep_prob": 2.53395373765566}