{"accept": "dem_gerrymander", "data": ["../../data/demographics/ia_cnty_demographics_2020.csv GEOID VAP VAP", "../../data/demographics/ia_cnty_demographics_2020.csv GEOID BVAP BVAP", "../../data/demographics/ia_cnty_demographics_2020.csv GEOID POP POP", "../../data/partisan_data/ia_cnty_census_2020_voter_data_20161.csv GEOID D16 D1", "../../data/partisan_data/ia_cnty_census_2020_voter_data_2020.csv GEOID D20 D2", "../../data/partisan_data/ia_cnty_census_2020_voter_data_20161.csv GEOID R16 R1", "../../data/partisan_data/ia_cnty_census_2020_voter_data_2020.csv GEOID R20 R2"], "districts": 4, "geometry": "../../data/json/ia_pl2020_cnty.json", "input_districts": null, "no_json": false, "number_of_runs": 10, "outfolder": "../outputs/ia_cnty", "partition": "semi_random_split", "population_tolerance": 0.01, "prefix": "ia_cnty_dem_gerrymander_", "start": 0, "steps": 10, "summary_file": "../outputs/ia_cnty/ia_cnty_summary.csv", "file": "../outputs/ia_cnty/ia_cnty_dem_gerrymander__10_00.csv", "scores": {"BVAP_ratio": {"1": 0.03855435108476092, "2": 0.04460690789473684, "3": 0.017156838580128238, "4": 0.043337666297562305}, "BVAP_function": 0.00501288600826687, "polsby_popper": {"1": 0.3918398615205641, "2": 0.27467562895752323, "3": 0.4101702840217597, "4": 0.20876517093054567}, "polsby_popper_mean": 0.32136273635759816}, "date_created": "2022-02-16", "Host computer": "vt000423562", "D1": {"1": 173775.0, "2": 180062.0, "3": 119463.0, "4": 180369.0}, "R1": {"1": 199756.0, "2": 174415.0, "3": 241155.00000000003, "4": 185657.0}, "D2": {"1": 195759.0, "2": 214316.0, "3": 144568.0, "4": 204418.0}, "R2": {"1": 221883.0, "2": 198406.0, "3": 267826.0, "4": 209557.0}, "Dem_PVI": {"1": -4.842657938050166, "2": -0.17801344157548016, "3": -17.44845285285038, "4": -2.211521356029543}, "county_splits": {"000": {"split?": 2, "districts": [1, 2, 3, 4]}, "total": 3}, "CVPI": 2.168739201640543, "dem_prob": 0.9643563689958186, "rep_prob": 3.0356436310041817}