{"accept": "dem_gerrymander", "data": ["../../data/demographics/ia_cnty_demographics_2020.csv GEOID VAP VAP", "../../data/demographics/ia_cnty_demographics_2020.csv GEOID BVAP BVAP", "../../data/demographics/ia_cnty_demographics_2020.csv GEOID POP POP", "../../data/partisan_data/ia_cnty_census_2020_voter_data_20161.csv GEOID D16 D1", "../../data/partisan_data/ia_cnty_census_2020_voter_data_2020.csv GEOID D20 D2", "../../data/partisan_data/ia_cnty_census_2020_voter_data_20161.csv GEOID R16 R1", "../../data/partisan_data/ia_cnty_census_2020_voter_data_2020.csv GEOID R20 R2"], "districts": 4, "geometry": "../../data/json/ia_pl2020_cnty.json", "input_districts": null, "no_json": false, "number_of_runs": 10, "outfolder": "../outputs/ia_cnty", "partition": "semi_random_split", "population_tolerance": 0.01, "prefix": "ia_cnty_dem_gerrymander_", "start": 0, "steps": 100, "summary_file": "../outputs/ia_cnty/ia_cnty_summary.csv", "file": "../outputs/ia_cnty/ia_cnty_dem_gerrymander__100_08.csv", "scores": {"BVAP_ratio": {"1": 0.01578839619744493, "2": 0.04584706396156747, "3": 0.02830257613522883, "4": 0.053509851427399405}, "BVAP_function": 0.005093579472924992, "polsby_popper": {"1": 0.23942715898303088, "2": 0.5835331236339065, "3": 0.3181732536568947, "4": 0.5950210079681053}, "polsby_popper_mean": 0.4340386360604844}, "date_created": "2022-02-16", "Host computer": "vt000423562", "D1": {"1": 113153.0, "2": 181535.0, "3": 156868.31896551725, "4": 202112.68103448275}, "R1": {"1": 253299.0, "2": 162767.0, "3": 215172.0517241379, "4": 169744.9482758621}, "D2": {"1": 127515.0, "2": 226084.0, "3": 170063.1379310345, "4": 235398.8620689655}, "R2": {"1": 275425.0, "2": 191334.0, "3": 239866.6993534483, "4": 191046.3006465517}, "Dem_PVI": {"1": -20.27793122985665, "2": 1.9040042096316228, "3": -9.714879655968346, "4": 3.236216435917939}, "county_splits": {"000": {"split?": 2, "districts": [1, 2, 3, 4]}, "total": 3}, "CVPI": 1.5057693835859989, "dem_prob": 1.425605812997849, "rep_prob": 2.574394187002151}