{"accept": "dem_gerrymander", "data": ["../../data/demographics/ia_cnty_demographics_2020.csv GEOID VAP VAP", "../../data/demographics/ia_cnty_demographics_2020.csv GEOID BVAP BVAP", "../../data/demographics/ia_cnty_demographics_2020.csv GEOID POP POP", "../../data/partisan_data/ia_cnty_census_2020_voter_data_20161.csv GEOID D16 D1", "../../data/partisan_data/ia_cnty_census_2020_voter_data_2020.csv GEOID D20 D2", "../../data/partisan_data/ia_cnty_census_2020_voter_data_20161.csv GEOID R16 R1", "../../data/partisan_data/ia_cnty_census_2020_voter_data_2020.csv GEOID R20 R2"], "districts": 4, "geometry": "../../data/json/ia_pl2020_cnty.json", "input_districts": null, "no_json": false, "number_of_runs": 10, "outfolder": "../outputs/ia_cnty", "partition": "semi_random_split", "population_tolerance": 0.01, "prefix": "ia_cnty_dem_gerrymander_", "start": 0, "steps": 100, "summary_file": "../outputs/ia_cnty/ia_cnty_summary.csv", "file": "../outputs/ia_cnty/ia_cnty_dem_gerrymander__100_04.csv", "scores": {"BVAP_ratio": {"1": 0.04669167610889408, "2": 0.015156458257851602, "3": 0.053509851427399405, "4": 0.02826326947312889}, "BVAP_function": 0.0051067079995226455, "polsby_popper": {"1": 0.32117755243671814, "2": 0.2886115032760885, "3": 0.5950210079681053, "4": 0.3066346988671381}, "polsby_popper_mean": 0.3778611906370125}, "date_created": "2022-02-16", "Host computer": "vt000423562", "D1": {"1": 179889.0, "2": 117159.0, "3": 202112.68103448275, "4": 154508.31896551725}, "R1": {"1": 159881.0, "2": 253002.0, "3": 169744.9482758621, "4": 218355.0517241379}, "D2": {"1": 222961.0, "2": 132977.0, "3": 235398.8620689655, "4": 167724.1379310345}, "R2": {"1": 186056.0, "2": 276739.0, "3": 191046.3006465517, "4": 243830.6993534483}, "Dem_PVI": {"1": 2.187885439605161, "2": -19.4866407554154, "3": 3.236216435917939, "4": -10.443951524068062}, "county_splits": {"000": {"split?": 2, "districts": [1, 2, 3, 4]}, "total": 3}, "CVPI": 1.455915871874294, "dem_prob": 1.440456960546836, "rep_prob": 2.559543039453164}