{"accept": "rep_gerrymander", "data": ["../../data/demographics/ia_cnty_demographics_2020.csv GEOID VAP VAP", "../../data/demographics/ia_cnty_demographics_2020.csv GEOID BVAP BVAP", "../../data/demographics/ia_cnty_demographics_2020.csv GEOID POP POP", "../../data/partisan_data/ia_cnty_census_2020_voter_data_20161.csv GEOID D16 D1", "../../data/partisan_data/ia_cnty_census_2020_voter_data_2020.csv GEOID D20 D2", "../../data/partisan_data/ia_cnty_census_2020_voter_data_20161.csv GEOID R16 R1", "../../data/partisan_data/ia_cnty_census_2020_voter_data_2020.csv GEOID R20 R2"], "districts": 4, "geometry": "../../data/json/ia_pl2020_cnty.json", "input_districts": null, "no_json": false, "number_of_runs": 10, "outfolder": "../outputs/ia_cnty", "partition": "semi_random_split", "population_tolerance": 0.01, "prefix": "ia_cnty_rep_gerrymander_", "start": 0, "steps": 100, "summary_file": "../outputs/ia_cnty/ia_cnty_summary.csv", "file": "../outputs/ia_cnty/ia_cnty_rep_gerrymander__100_00.csv", "scores": {"BVAP_ratio": {"1": 0.04097749746868656, "2": 0.020024860038641863, "3": 0.04236874763576515, "4": 0.040288529204785366}, "BVAP_function": 0.004982669620071813, "polsby_popper": {"1": 0.3084081467020619, "2": 0.20690641334222362, "3": 0.28419656857173153, "4": 0.22938940937223193}, "polsby_popper_mean": 0.25722513449706225}, "date_created": "2022-02-16", "Host computer": "vt000423562", "D1": {"1": 178884.68103448275, "2": 126870.0, "3": 171348.0, "4": 176566.31896551725}, "R1": {"1": 203258.94827586206, "2": 223835.0, "3": 185797.0, "4": 188092.051724138}, "D2": {"1": 201927.8620689655, "2": 153483.0, "3": 204001.0, "4": 199649.1379310345}, "R2": {"1": 226722.3006465517, "2": 247536.0, "3": 212736.0, "4": 210677.6993534483}, "Dem_PVI": {"1": -4.580651595992947, "2": -14.315523937605207, "3": -3.0754354783072984, "4": -3.002110942601547}, "county_splits": {"000": {"split?": 2, "districts": [1, 2, 3, 4]}, "total": 3}, "CVPI": 1.741951768350984, "dem_prob": 0.6980902075159963, "rep_prob": 3.301909792484004}