{"accept": "dem_gerrymander", "data": ["../../data/demographics/ia_cnty_demographics_2020.csv GEOID VAP VAP", "../../data/demographics/ia_cnty_demographics_2020.csv GEOID BVAP BVAP", "../../data/demographics/ia_cnty_demographics_2020.csv GEOID POP POP", "../../data/partisan_data/ia_cnty_census_2020_voter_data_20161.csv GEOID D16 D1", "../../data/partisan_data/ia_cnty_census_2020_voter_data_2020.csv GEOID D20 D2", "../../data/partisan_data/ia_cnty_census_2020_voter_data_20161.csv GEOID R16 R1", "../../data/partisan_data/ia_cnty_census_2020_voter_data_2020.csv GEOID R20 R2"], "districts": 4, "geometry": "../../data/json/ia_pl2020_cnty.json", "input_districts": null, "no_json": false, "number_of_runs": 10, "outfolder": "../outputs/ia_cnty", "partition": "semi_random_split", "population_tolerance": 0.01, "prefix": "ia_cnty_dem_gerrymander_", "start": 0, "steps": 10, "summary_file": "../outputs/ia_cnty/ia_cnty_summary.csv", "file": "../outputs/ia_cnty/ia_cnty_dem_gerrymander__10_03.csv", "scores": {"BVAP_ratio": {"1": 0.05475304142799141, "2": 0.015529963066088894, "3": 0.046954758870259454, "4": 0.02672841899350571}, "BVAP_function": 0.005129908515518702, "polsby_popper": {"1": 0.3630082964533301, "2": 0.3669042958819282, "3": 0.6124203324889469, "4": 0.3089961948737032}, "polsby_popper_mean": 0.4128322799244771}, "date_created": "2022-02-16", "Host computer": "vt000423562", "D1": {"1": 194404.68103448275, "2": 118649.0, "3": 181516.0, "4": 159099.31896551722}, "R1": {"1": 167640.9482758621, "2": 251822.0, "3": 159479.0, "4": 222041.05172413794}, "D2": {"1": 226147.8620689655, "2": 134766.0, "3": 224520.0, "4": 173627.1379310345}, "R2": {"1": 187264.3006465517, "2": 274925.0, "3": 185477.0, "4": 250005.6993534483}, "Dem_PVI": {"1": 2.6594710031793767, "2": -19.07946212689138, "3": 2.456327676882964, "4": -10.175869960032507}, "county_splits": {"000": {"split?": 2, "districts": [1, 2, 3, 4]}, "total": 3}, "CVPI": 1.5164482096832093, "dem_prob": 1.4228510004625274, "rep_prob": 2.5771489995374726}