{"accept": "dem_gerrymander", "data": ["../../data/demographics/ia_cnty_demographics_2020.csv GEOID VAP VAP", "../../data/demographics/ia_cnty_demographics_2020.csv GEOID BVAP BVAP", "../../data/demographics/ia_cnty_demographics_2020.csv GEOID POP POP", "../../data/partisan_data/ia_cnty_census_2020_voter_data_20161.csv GEOID D16 D1", "../../data/partisan_data/ia_cnty_census_2020_voter_data_2020.csv GEOID D20 D2", "../../data/partisan_data/ia_cnty_census_2020_voter_data_20161.csv GEOID R16 R1", "../../data/partisan_data/ia_cnty_census_2020_voter_data_2020.csv GEOID R20 R2"], "districts": 4, "geometry": "../../data/json/ia_pl2020_cnty.json", "input_districts": null, "no_json": false, "number_of_runs": 10, "outfolder": "../outputs/ia_cnty", "partition": "semi_random_split", "population_tolerance": 0.01, "prefix": "ia_cnty_dem_gerrymander_", "start": 0, "steps": 10, "summary_file": "../outputs/ia_cnty/ia_cnty_summary.csv", "file": "../outputs/ia_cnty/ia_cnty_dem_gerrymander__10_05.csv", "scores": {"BVAP_ratio": {"1": 0.046954758870259454, "2": 0.04059011383259001, "3": 0.0411331706975251, "4": 0.015188101945025283}, "BVAP_function": 0.005040060014009258, "polsby_popper": {"1": 0.6124203324889472, "2": 0.38504774254221424, "3": 0.4115124737440855, "4": 0.3165490064035946}, "polsby_popper_mean": 0.43138238879471047}, "date_created": "2022-02-16", "Host computer": "vt000423562", "D1": {"1": 181516.0, "2": 179496.0, "3": 174075.0, "4": 118582.0}, "R1": {"1": 159479.0, "2": 201433.0, "3": 187564.0, "4": 252507.00000000003}, "D2": {"1": 224520.0, "2": 202758.0, "3": 197198.0, "4": 134585.0}, "R2": {"1": 185477.0, "2": 224752.0, "3": 211568.0, "4": 275875.0}, "Dem_PVI": {"1": 2.456327676882964, "2": -4.265872731422959, "3": -3.351355368754028, "4": -19.16802012812645}, "county_splits": {"000": {"split?": 2, "districts": [1, 2, 3, 4]}, "total": 3}, "CVPI": 1.8377023619952377, "dem_prob": 1.125216525538509, "rep_prob": 2.8747834744614913}