{"accept": "rep_gerrymander", "data": ["../../data/demographics/ia_cnty_demographics_2020.csv GEOID VAP VAP", "../../data/demographics/ia_cnty_demographics_2020.csv GEOID BVAP BVAP", "../../data/demographics/ia_cnty_demographics_2020.csv GEOID POP POP", "../../data/partisan_data/ia_cnty_census_2020_voter_data_20161.csv GEOID D16 D1", "../../data/partisan_data/ia_cnty_census_2020_voter_data_2020.csv GEOID D20 D2", "../../data/partisan_data/ia_cnty_census_2020_voter_data_20161.csv GEOID R16 R1", "../../data/partisan_data/ia_cnty_census_2020_voter_data_2020.csv GEOID R20 R2"], "districts": 4, "geometry": "../../data/json/ia_pl2020_cnty.json", "input_districts": null, "no_json": false, "number_of_runs": 10, "outfolder": "../outputs/ia_cnty", "partition": "semi_random_split", "population_tolerance": 0.01, "prefix": "ia_cnty_rep_gerrymander_", "start": 0, "steps": 100, "summary_file": "../outputs/ia_cnty/ia_cnty_summary.csv", "file": "../outputs/ia_cnty/ia_cnty_rep_gerrymander__100_01.csv", "scores": {"BVAP_ratio": {"1": 0.04215165175267443, "2": 0.020777179536183365, "3": 0.041077405266708986, "4": 0.03963211596513657}, "BVAP_function": 0.004976139016717953, "polsby_popper": {"1": 0.22549338453872686, "2": 0.21668223817048354, "3": 0.25335846458082034, "4": 0.23376304942349874}, "polsby_popper_mean": 0.23232428417838236}, "date_created": "2022-02-16", "Host computer": "vt000423562", "D1": {"1": 182472.68103448275, "2": 128540.0, "3": 168385.0, "4": 174271.31896551725}, "R1": {"1": 199617.9482758621, "2": 220003.0, "3": 189839.0, "4": 191523.05172413794}, "D2": {"1": 205517.8620689655, "2": 154876.0, "3": 200810.0, "4": 197857.1379310345}, "R2": {"1": 223936.3006465517, "2": 243015.0, "3": 216473.0, "4": 214247.6993534483}, "Dem_PVI": {"1": -3.734006807181025, "2": -13.638267362927351, "3": -3.9756394629264875, "4": -3.7133793636014474}, "county_splits": {"000": {"split?": 2, "districts": [1, 2, 3, 4]}, "total": 3}, "CVPI": 1.5995228201725522, "dem_prob": 0.6438948163142642, "rep_prob": 3.356105183685736}